Post ID,Title,Url,Author,Score,Publish Date,Total No. of Comments,Permalink,Flair,body
2uqj08,"I am doing a research project at college surrounding HIV/AIDS. I am researching both the US and Uganda. I am, however, from the UK. I was curious as to what is being done in the US in terms of HIV prevention and awareness.",http://www.reddit.com/r/sexualhealth/comments/2uqj08/i_am_doing_a_research_project_at_college/,Anbezzle,1,2015-02-04 00:13:28,0,/r/sexualhealth/comments/2uqj08/i_am_doing_a_research_project_at_college/,NaN,"I know you guys have Planned Parenthood etc, but I'm not sure what exactly they do, and I wondered if there were any other organisations or companies doing any work surrounding the awareness and prevention of HIV &amp; AIDS. For example, are children in elementary schools aware? Do you get a good sex education in high school? And are your sexual health services free like ours or do you pay to access the service?
Any information at all would be very much appreciated! Thank you! "
4rhff3,What Does AIDS Stand For?,http://www.sexhealthtips.com/what-does-aids-stand-for/,sexhealthtips,1,2016-07-06 00:52:28,0,/r/sexualhealth/comments/4rhff3/what_does_aids_stand_for/,NaN,
55edbj,Natural sexual aids | How to increase stamina | Increase stamina naturally,https://www.youtube.com/attribution_link?a=JOGkxV5c9rk&amp;u=%2Fwatch%3Fv%3Dez3zfTSxQvQ%26feature%3Dshare,WajahatNaqvi49,1,2016-10-01 11:05:52,1,/r/sexualhealth/comments/55edbj/natural_sexual_aids_how_to_increase_stamina/,NaN,
5nitjm,10 Most Important Myths And Misconceptions Busted About HIV/AIDS,https://medium.com/@sexhealthtips/10-most-important-myths-and-misconceptions-busted-about-hiv-aids-169ca368b589#.x16jw6kdw,jenniferwilsonus,2,2017-01-12 03:17:04,0,/r/sexualhealth/comments/5nitjm/10_most_important_myths_and_misconceptions_busted/,NaN,
5y6k9h,Cenforce Aids You to Satisfy Your Partner During Intimacy !!,http://medsmartdrugs.blogspot.in/2017/03/cenforce-aids-you-to-satisfied-your.html,MedsMartDrugs,1,2017-03-07 23:12:23,0,/r/sexualhealth/comments/5y6k9h/cenforce_aids_you_to_satisfy_your_partner_during/,NaN,
8bn2ob,AIDS from masterbation?,https://www.reddit.com/r/sexualhealth/comments/8bn2ob/aids_from_masterbation/,Golfingsucks222,1,2018-04-11 20:07:27,0,/r/sexualhealth/comments/8bn2ob/aids_from_masterbation/,NaN,[removed]
a89mm0,Resources for Newly Diagnosed Individuals: Herpes (HSV) - HIV - AIDS - HPV - Asking to share,https://www.reddit.com/r/sexualhealth/comments/a89mm0/resources_for_newly_diagnosed_individuals_herpes/,HonMyChest,1,2018-12-21 04:44:31,0,/r/sexualhealth/comments/a89mm0/resources_for_newly_diagnosed_individuals_herpes/,NaN,"Hi all - I host/produce the podcast, Something Positive for Positive People. This is a hub of sexual health resources that primarily consists of experiences of people living with, working with or affected by sexually transmitted infections/diseases. I'm unable to share this resource in many places that make sense as it is spam/self-promotion when I do it. Despite the importance of this information, places don't really care to have me 'talking about my podcast' on their platforms which I understand.

So I wanted to bring it here. This podcast is an emotional and mental support resource for people who get an STI and then get some pills and a pamphlet then sent on their way just as I was 6.5 years ago after my herpes diagnosis. It took me 5 years to find communities of others living with the virus. Those resources are challenging to find and I want people to be able to find them way sooner than I did. 

I share this here in hopes that someone who needs this sees it, and in hopes that the people who are comfortable sharing will do so before it's removed for self promotion because there are people who become suicidal and fall into depression just because they don't see past the present moment of their diagnosis and their feelings about it. 

I post episodes each week, there's 73 to date and the resources consist of people's experiences navigating relationships and dating, disclosing, managing herpes outbreaks, living with HIV, AIDS, access to support groups, sexual health facilities and organizations for condoms and STI treatment in addition to some bomb ass sex positive people to follow on social media.

I believe in this work I do and I've done it for more than a year now. The biggest challenge is that people don't want to share due to the fact they fear others assuming they have an STI because they share this information. In reality we ALL know someone living with an STI, we just don't know it. I believe this podcast is destigmatizing that through these experiences and resources being shared and it can contribute more if I'm able to show people with herpes that they do have a support system around them that is supportive and not critical/judgmental of them. This is my attempt to get people who don't have herpes/HIV involved by just sharing this to show support from the non-sti positive community.

Thank you everyone. And I'm gonna stay positive and hope for the best. . . . I don't have a choice to do otherwis haha."
bctq94,Can I catch aids from cum dust,https://www.reddit.com/r/sexualhealth/comments/bctq94/can_i_catch_aids_from_cum_dust/,Fingerguns4life,0,2019-04-13 11:45:09,3,/r/sexualhealth/comments/bctq94/can_i_catch_aids_from_cum_dust/,NaN,"Hi all, I've recently came across (no pun intended) an old wank sock and whilst unballing it inhaled the desicated cum dust. Is it possible to catch aids from cum dust?"
d0tel6,HIV/AIDS - Symptoms and causes,https://www.reddit.com/r/sexualhealth/comments/d0tel6/hivaids_symptoms_and_causes/,STIcliniclondon,1,2019-09-07 01:15:41,0,/r/sexualhealth/comments/d0tel6/hivaids_symptoms_and_causes/,NaN," HIV is a virus that destroys the body’s immune system, making the body unable to fight against illnesses, infections, and diseases. It has been discovered that more men are living with HIV than women. An estimate has been made, showing 80% of the people living with HIV are men."
dwosw2,Connections and Difference Between HIV and AIDS - Blogging Heros,https://www.reddit.com/r/sexualhealth/comments/dwosw2/connections_and_difference_between_hiv_and_aids/,STIcliniclondon,1,2019-11-15 02:13:09,0,/r/sexualhealth/comments/dwosw2/connections_and_difference_between_hiv_and_aids/,NaN,"HIV is a virus, it can be transmitted between people just like many other viruses. AIDS, on the other hand, is a condition a person acquires only after they've contracted HIV. The virus is transmitted from one person to another through the exchange of bodily fluids"
m5lkk8,Is it possible to get aids or any other kind of std by sucking your own penis?,https://www.reddit.com/r/sexualhealth/comments/m5lkk8/is_it_possible_to_get_aids_or_any_other_kind_of/,Anonymous4ii3,1,2021-03-15 07:13:18,8,/r/sexualhealth/comments/m5lkk8/is_it_possible_to_get_aids_or_any_other_kind_of/,NaN,"A few days ago i licked the tip of my penis and now i'm scares i could get aids
Is this possible?"
