Post ID,Title,Url,Author,Score,Publish Date,Total No. of Comments,Permalink,Flair,body
b6zk2,"Why You Should Wrap Your Dong - French AIDS Commercial (funny, AND informative!) [semi-nsfw, no nudity]",http://attitude.adforum.com/top5/2010/01/27/aides-graffiti-tbwaparis/,jarotar,2,2010-02-26 14:08:14,0,/r/sex/comments/b6zk2/why_you_should_wrap_your_dong_french_aids/,NaN,
bphlz,Jilted Ex Gets 3 Years In Jail For Creating Fake AIDS Prostitute Blog,http://carnalnation.com/content/52492/898/chinese-man-gets-3-years-jail-fake-prostitute-blog,matthewlawrence,1,2010-04-11 13:16:53,0,/r/sex/comments/bphlz/jilted_ex_gets_3_years_in_jail_for_creating_fake/,NaN,
c6t2a,"Feeling Good, Doing Good: Bid on Sex Toys to Fight AIDS",http://carnalnation.com/content/56049/25/feeling-good-doing-good-bid-sex-toys-fight-aids,artsake,1,2010-05-21 12:55:37,0,/r/sex/comments/c6t2a/feeling_good_doing_good_bid_on_sex_toys_to_fight/,NaN,
caslk,"Sweet Charity but Auction Anxiety - On sex positivity, AIDS fundraising, and corporate jitters ",http://carnalnation.com/content/56882/25/sweet-charity-auction-anxiety,artsake,1,2010-06-02 15:12:40,0,/r/sex/comments/caslk/sweet_charity_but_auction_anxiety_on_sex/,NaN,
cklzi,"""Oh hey look, a massive vagina!"" ""You can't shoot me; I'm AIDS!"" Safe Sex video game ...",http://bit.ly/awYme2,[deleted],1,2010-06-30 10:19:38,0,/r/sex/comments/cklzi/oh_hey_look_a_massive_vagina_you_cant_shoot_me_im/,NaN,[deleted]
ckpde,Researchers Propose National Abstinence Month in AIDS-Ravaged Areas,http://carnalnation.com/content/57535/4/researchers-propose-national-abstinence-month-aids-ravaged-areas,artsake,0,2010-06-30 14:53:54,1,/r/sex/comments/ckpde/researchers_propose_national_abstinence_month_in/,NaN,
ckqqr,"""Oh hey look, a massive vagina!"" ""You can't shoot me; I'm AIDS!"" Safe Sex video game ...",http://bit.ly/awYme2,MiriamPWN,1,2010-06-30 17:21:38,0,/r/sex/comments/ckqqr/oh_hey_look_a_massive_vagina_you_cant_shoot_me_im/,NaN,
cmm85,"In order to give away condoms to fight AIDS, if you want USAID money, you must declare that you are anti-prostitution. ",http://reason.com/archives/2005/08/16/prostituting-the-constitution,418156,1,2010-07-06 13:32:55,0,/r/sex/comments/cmm85/in_order_to_give_away_condoms_to_fight_aids_if/,NaN,
cp54d,White House Unveils New National HIV/AIDS Strategy,http://carnalnation.com/content/57830/4/white-house-unveils-new-national-hivaids-strategy,artsake,0,2010-07-13 11:14:39,1,/r/sex/comments/cp54d/white_house_unveils_new_national_hivaids_strategy/,NaN,
d6g3i,Women with AIDS gets filmed for 90 days...,http://vimeo.com/12024258,[deleted],15,2010-08-27 21:19:54,9,/r/sex/comments/d6g3i/women_with_aids_gets_filmed_for_90_days/,NaN,
e5fmf,Sex Positions Poster for Youth AIDS [NSFW],http://twelio.com/fooynu,hotmani,39,2010-11-12 18:42:39,44,/r/sex/comments/e5fmf/sex_positions_poster_for_youth_aids_nsfw/,NaN,
eeg3l,12 Myths And Facts About HIV And AIDS,http://morningquickie.com/2009/11/30/hiv-aids-myths/,MorningQuickie,1,2010-12-01 03:19:05,1,/r/sex/comments/eeg3l/12_myths_and_facts_about_hiv_and_aids/,NaN,
ek123,French Aids Posters [NSFW],http://twelio.com/kgv75u,[deleted],1,2010-12-11 02:30:44,0,/r/sex/comments/ek123/french_aids_posters_nsfw/,NaN,[deleted]
ek1c7,French Aids posters [NSFW],http://reduc.tion.tk/6kd,[deleted],1,2010-12-11 03:06:12,0,/r/sex/comments/ek1c7/french_aids_posters_nsfw/,NaN,[deleted]
ekf0o,"French Aids posters [NSFW]
",http://reduc.tion.tk/ovb,[deleted],1,2010-12-11 23:06:05,0,/r/sex/comments/ekf0o/french_aids_posters_nsfw/,NaN,[deleted]
eku35,French Aids posters [NSFW] ,http://twelio.com/zujss6,jimmyholmes,13,2010-12-12 20:59:11,7,/r/sex/comments/eku35/french_aids_posters_nsfw/,NaN,
eylae,hearing aids,http://www.explosm.net/comics/207/,augustof86,0,2011-01-08 11:43:26,2,/r/sex/comments/eylae/hearing_aids/,NaN,
f02k0,Personal Sexual Health: What is AIDS | Chlamydia | STD? You might be infected,http://www.squidoo.com/personal-sexual-health,4dscansbaby,1,2011-01-10 22:44:26,1,/r/sex/comments/f02k0/personal_sexual_health_what_is_aids_chlamydia_std/,NaN,
fqkyo,Thoughts/Discussion? Circumcision: The Surgical AIDS Vaccine | Miller McCune ,http://www.miller-mccune.com/health/circumcision-the-surgical-aids-vaccine-27769/,[deleted],0,2011-02-22 14:09:11,39,/r/sex/comments/fqkyo/thoughtsdiscussion_circumcision_the_surgical_aids/,NaN,
gfh2g,FAQ 19.4. – STIs: I had unprotected sex.  Do I have HIV/AIDS?,http://www.reddit.com/r/sex/comments/gfh2g/faq_194_stis_i_had_unprotected_sex_do_i_have/,patientpolyamorist,0,2011-03-31 05:09:50,3,/r/sex/comments/gfh2g/faq_194_stis_i_had_unprotected_sex_do_i_have/,NaN,I had unprotected sex with a huge slut.  Do I have HIV?  
gfwtn,I am an artist requesting photos of your masturbatory aids.,http://www.reddit.com/r/sex/comments/gfwtn/i_am_an_artist_requesting_photos_of_your/,NewRobotOverlord,7,2011-03-31 16:26:48,21,/r/sex/comments/gfwtn/i_am_an_artist_requesting_photos_of_your/,NaN,"I need your help!  
I am a painting student preparing a body of work for the end of the semester. In support of this pursuit I need pictures of your dildos, fleshlights, etc.
    
If possible, please stage and light them dramatically.  
  
Please send your gracious and much appreciated submission to mastur.painting at gmail dot com or just post it here.  
  
If requested, I'll post the entirety the work here when it's complete.   Your support is appreciated!  
  
Edit: [Example picture - NSFW](http://i.imgur.com/9nWPP.jpg)   "
gnif5,Breakfast with AIDS: I legitimately thought I had AIDS,http://www.youtube.com/watch?v=KFX8dzvkSoQ,TheHardfluff,1,2011-04-11 10:01:28,0,/r/sex/comments/gnif5/breakfast_with_aids_i_legitimately_thought_i_had/,NaN,
ht0zb,"Aids in the past 30 years, and the importance of getting tested. (Please get tested!)",http://musasha.wordpress.com/2011/06/05/aids-the-last-30-years/,[deleted],0,2011-06-06 11:13:01,0,/r/sex/comments/ht0zb/aids_in_the_past_30_years_and_the_importance_of/,NaN,
jr82v,"My boyfriend sent me this last night. Ladies and gents, communicate with your partners! Use visual aids if you need help.",http://i.imgur.com/JmLry.jpg,manchelster,830,2011-08-22 18:57:10,188,/r/sex/comments/jr82v/my_boyfriend_sent_me_this_last_night_ladies_and/,NaN,
lkcgb,New Coupon! Save on adult toys and marital aids.,http://www.adulttoystash.com/main.htm,adulttoystash,0,2011-10-21 13:49:52,0,/r/sex/comments/lkcgb/new_coupon_save_on_adult_toys_and_marital_aids/,NaN,
lz4vw,Who here has HIV or AIDS and continues to date?,http://www.reddit.com/r/sex/comments/lz4vw/who_here_has_hiv_or_aids_and_continues_to_date/,[deleted],30,2011-11-03 09:36:43,22,/r/sex/comments/lz4vw/who_here_has_hiv_or_aids_and_continues_to_date/,NaN,Just curious
mk24o,"What would you do if in the middle of a one night stand, just as things were getting good, your partner said ”Oh yes, right there, I have full blown AIDS, yes yes don't stop!”",http://www.reddit.com/r/sex/comments/mk24o/what_would_you_do_if_in_the_middle_of_a_one_night/,ChrisTaliaferro,0,2011-11-21 03:23:02,1,/r/sex/comments/mk24o/what_would_you_do_if_in_the_middle_of_a_one_night/,NaN,
mvzp2,What does circumcision have to do with aids prevention? (at 20:30 Bono mentions it on the Daily Show) I'm confused by this logic.,http://www.thedailyshow.com/full-episodes/wed-november-30-2011-bono,[deleted],0,2011-12-01 02:00:30,6,/r/sex/comments/mvzp2/what_does_circumcision_have_to_do_with_aids/,NaN,
n2keq,Read My Lips: Reflections of an Accidental AIDS Activist,http://www.theatlantic.com/life/archive/2011/12/read-my-lips-reflections-of-an-accidental-aids-activist/249228/,nbj914,0,2011-12-06 07:29:29,1,/r/sex/comments/n2keq/read_my_lips_reflections_of_an_accidental_aids/,NaN,
ndd0c,Like penises?  Hate aids?,http://www.reddit.com/r/sex/comments/ndd0c/like_penises_hate_aids/,[deleted],1,2011-12-14 20:25:05,0,/r/sex/comments/ndd0c/like_penises_hate_aids/,NaN,
nt3ii,It is getting worse. my partner got aids. please help,http://www.reddit.com/r/sex/comments/nt3ii/it_is_getting_worse_my_partner_got_aids_please/,my_babe_is_numb,53,2011-12-27 19:09:08,57,/r/sex/comments/nt3ii/it_is_getting_worse_my_partner_got_aids_please/,NaN,"unfortunately I have to say this is not a troll because it sounds like. I really wish it was .. I spent that last day wishing that . but it is not.

previous post [here](http://www.reddit.com/r/sex/comments/noxdb/my_partner_doesnt_feel_anythingsad_story_included/)

now the sad part. she just confirmed that she has aids. she insisted on protection since beginning. she had this fear . she just confirmed it today. and told me the story about it ( she always referred to it but never told it)

I am lost like shit. crying my eyes out and shit. tried to hide from it. it doesn't help. she has aids and that can't be changed by running away.

She refuse to tell anyone at the moment (not before finishing her exams - after about a month) her father -what a fucking irony- is heavily involved in the anti-aids , aids- protection activities . but she refused to inform any one before the end of her exams.

I am lost and don't even know what am I expecting of posting here. but I don't know I was hoping for any light for me, her , or about defeating this mother fucker 

we don't live in US nor Europe, we are somewhere in Middle east. however she can travel to Europe easily if solution is recommended there  .

I am lost between :

- I don't know shit about aids
- I am afraid of losing her and can't think of anything else ( she is strong though, not sure if that is based on knowledge or what .. as I said she is a medicine student from a medical house and heavily involved in anti-aids community and activities).
- can she be cured ? I know this is stupid
- Is there a possibility that she is just carrying the disease but not affecting her ? ( I remember some shit like that about aids)
- and about me . what should I do for her ? she wants me to stay strong not like the pile of crap I am currently because she doesn't want to be weak . How can I be ? and how can I stay safe and aids free ? (so far  I am ok for sure, lets say I checked and I am fine). how can I maintain that ?

any advise from you people out there ? I am really shattered here .and I truly love her and scared like a tiny cat.
 

"
oqo3d,"What is a condom?condom, condom sheath also referred to the names of the male genitals during sexual intercourse (penis) attached to a rubber sheath, depending on the spread of AIDS is increasing in all countries.Effectiveness in the use of a condom consistently and every new relationship.

",http://urlshorteningservicefortwitter.com/k1rpq,rrrtre45,0,2012-01-21 13:53:29,3,/r/sex/comments/oqo3d/what_is_a_condomcondom_condom_sheath_also/,NaN,
pxnhn,"Liquid Condom output.

Women with AIDS koruyabilecek.Sıvı output fluid condom condom
The money from Bill Gates pocket the new invention, liquid condom. Bill Gates, after retiring from Microsoft, along with his wife is working hard to create the Foundation. Colder than before the storms head

",http://normalurl.com/cemre33,dsfsdfs334,0,2012-02-20 02:36:36,1,/r/sex/comments/pxnhn/liquid_condom_output_women_with_aids/,NaN,
qle68,I have aids should I tell my girlfriend?,http://www.reddit.com/r/sex/comments/qle68/i_have_aids_should_i_tell_my_girlfriend/,[deleted],0,2012-03-06 22:15:06,6,/r/sex/comments/qle68/i_have_aids_should_i_tell_my_girlfriend/,NaN,I always use protection and would never wish harm upon her but I just can't bear the thought of losing her.
qp561,"How exactly does homosexual sex led to a greater risk of AIDs?
",http://www.reddit.com/r/sex/comments/qp561/how_exactly_does_homosexual_sex_led_to_a_greater/,Anon122198,4,2012-03-09 09:59:21,11,/r/sex/comments/qp561/how_exactly_does_homosexual_sex_led_to_a_greater/,NaN,
seye7,"Pozzers/Bugchasers, AIDS infected people who get off on giving the virus to others, and people who want to become infected with AIDS so they track down infected people for sex.",http://www.somethingawful.com/d/weekend-web/bareback-exchange.php?page=1,ceramicfiver,0,2012-04-17 15:27:06,3,/r/sex/comments/seye7/pozzersbugchasers_aids_infected_people_who_get/,NaN,
tz0eu,Are visual aids appropriate for minors when it comes to sex education?,http://www.reddit.com/r/sex/comments/tz0eu/are_visual_aids_appropriate_for_minors_when_it/,throwaway39575,4,2012-05-22 02:09:39,7,/r/sex/comments/tz0eu/are_visual_aids_appropriate_for_minors_when_it/,NaN,"If you were teaching your daughter about sex, and she had never seen a penis before, would you be okay with her looking up pictures on Wikipedia? What if she had the same curiosity about erections, sex, or ejaculations? I know porn is illegal for minors to view, and is an extremely poor educational tool (almost all of the time). But what about strictly educational photographs and videos? Are they subject to the same legal restriction?

tl;dr Is it illegal to point your daughter toward the internet if she wants to know what a boner looks like? Is it wrong to be in the room with her when she sees?"
wz3ad,Condom Seizures From Sex Workers Are Undoing Years of Progress on HIV/AIDS,http://readersupportednews.org/opinion2/277-75/12552-condom-seizures-from-sex-workers-are-undoing-years-of-progress-on-hivaids,dustcircle,2,2012-07-22 11:14:56,0,/r/sex/comments/wz3ad/condom_seizures_from_sex_workers_are_undoing/,NaN,
x2v1b,Prostitutes are organizing the international Sex Worker Freedom Festival in Kolkata to protest the International AIDS Conference in D.C. ,http://www.policymic.com/articles/11710/prostitutes-are-heroes-in-the-fight-against-hiv-but-obama-banned-sex-workers-from-aids-conference-2012,kaiazoo,15,2012-07-24 09:26:38,4,/r/sex/comments/x2v1b/prostitutes_are_organizing_the_international_sex/,NaN,
x4oi4,Sex Worker Freedom Festival: why international prostitutes are not allowed at the AIDS Conference in D.C.,http://www.policymic.com/articles/11710/prostitutes-are-heroes-in-the-fight-against-hiv-but-sex-workers-are-banned-from-aids-conference-2012,kaiazoo,15,2012-07-25 06:25:08,0,/r/sex/comments/x4oi4/sex_worker_freedom_festival_why_international/,NaN,
yabvk,Children of the 80s:  How did growing up during the beginning of the AIDS epidemic affect your attitudes towards sex?,http://www.reddit.com/r/sex/comments/yabvk/children_of_the_80s_how_did_growing_up_during_the/,chizdfw,1,2012-08-15 15:29:32,7,/r/sex/comments/yabvk/children_of_the_80s_how_did_growing_up_during_the/,NaN,"This is just a question that has always bothered me.  I was about 5 when the first stories about AIDS came on the television.  Those stories were very harsh and full of panic.  Very tough for a five year old to understand.  It was some of the first things I'd ever learned about sex.  At the time I don't think I really understood what was going on in the world.  All I knew is all the adults around me were freaked out about this issue and it involved this mysterious subject called sex.  

I've always felt a certain reluctance around sex.  Not a guilty reluctance but a wary awareness for my own personal safety.  In my life I've never had a truly bad sexual experience nor have I ever had an STD of any kind.  

I feel like some of this innate reluctance was due to the cultural panic over AIDS when I was first learning about sex and later as I had my first sexual experiences.  Do any of you who grew up in the 80's feel the same way?

  
"
ygy00,What is this untreatable Gonorrhea and what does this mean to us as humans?  Is this the new AIDS?,http://www.reddit.com/r/sex/comments/ygy00/what_is_this_untreatable_gonorrhea_and_what_does/,[deleted],0,2012-08-19 05:40:51,3,/r/sex/comments/ygy00/what_is_this_untreatable_gonorrhea_and_what_does/,NaN,"Putting things in perspectives, is this a global pandemic and have the rules changed when it comes to sex?  

How does it compare to other STD's, like Herpes?

Are condoms 100% effective, who's at risk and what is the prognosis if you're unlucky enough to catch?

Basically, is it a death sentence?  Has it become the new AIDS, so to speak?

EDIT:  Please do not vote this down.  Vote up for discussion, self posts do not get or lose karma. 

EDIT 2:  I don't know, alright.  I'm in the dark about this.  Explain to me as you would a teenager.

EDIT 3:  Well thanks for making me feel very welcomed in this subreddit.  For a first timer, I'm glad you were all very helpful and appreciative."
10k0ub,AIDS,http://www.healthandmedication.com/aids/,prakashrudra,1,2012-09-27 02:15:52,1,/r/sex/comments/10k0ub/aids/,NaN,
11vla4,Friendly reminder/tip: pillows are incredible sex aids!,http://www.reddit.com/r/sex/comments/11vla4/friendly_remindertip_pillows_are_incredible_sex/,JohhnyHopkins,109,2012-10-21 20:08:37,22,/r/sex/comments/11vla4/friendly_remindertip_pillows_are_incredible_sex/,NaN,"It's easy to forget that one of the most powerful sex toys is already sitting on your bed. It's an obvious one, but it bears repeating.

Aside from being a place for you or your partner to rest your heads when on the bottom, pillows can be placed under the back or hips to elevate the pelvis and increase penetration. 

I put a pillow under my girlfriend's but when we are in the [anvil position](http://badgirlsbible.com/anvil-sex-position), while she lays on her back and puts her legs up.

She also places a pillow under her hips when she is laying face down in the [rear entry position](http://badgirlsbible.com/rear-entry-sex-position).

Finally, I like to put a pillow under my butt when my girlfriend is [on top](http://badgirlsbible.com/fast-fuck-sex-position) and in [various](http://badgirlsbible.com/bucking-bronco-sex-position) different [versions](http://badgirlsbible.com/asian-cowgirl-sex-position) of the [cowgirl](http://badgirlsbible.com/cowgirl-sex-position) position. 

All three of these feel noticeably deeper, both for me and for her. Just remember to wash your pillowcases!"
1430me,"For WORLD AIDS DAY, here are seventy-seven reasons to wear a condom. (This is one week of my HIV and HIV-related-illness medication.)  Please join our conversation.",http://www.reddit.com/r/lgbt/comments/14221d/seventyseven_reasons_to_wear_a_condom_this_is_one/,[deleted],14,2012-11-30 17:53:13,2,/r/sex/comments/1430me/for_world_aids_day_here_are_seventyseven_reasons/,NaN,
143ebx,China's first masturbation contest held in Shenzhen for World AIDS Day,http://shanghaiist.com/2012/11/30/chinas_first_wankathon_held_in_shen.php?utm_source=twitterfeed&amp;utm_medium=twitter#photo-14,yetorico,80,2012-11-30 22:33:04,16,/r/sex/comments/143ebx/chinas_first_masturbation_contest_held_in/,NaN,
14hui9,I've noticed strange bumps on my nether regions after a one night stand a fortnight ago. They're quite small and theres lots of them. Is this AIDS?,http://www.reddit.com/r/sex/comments/14hui9/ive_noticed_strange_bumps_on_my_nether_regions/,[deleted],0,2012-12-08 04:18:26,3,/r/sex/comments/14hui9/ive_noticed_strange_bumps_on_my_nether_regions/,NaN,
14qoth,Do I have AIDS or an STD?,http://www.reddit.com/r/sex/comments/14qoth/do_i_have_aids_or_an_std/,[deleted],0,2012-12-12 11:47:35,7,/r/sex/comments/14qoth/do_i_have_aids_or_an_std/,NaN,
14r3br,Do I have any sort of STD or AIDS?,http://www.reddit.com/r/sex/comments/14r3br/do_i_have_any_sort_of_std_or_aids/,[deleted],0,2012-12-12 15:11:56,7,/r/sex/comments/14r3br/do_i_have_any_sort_of_std_or_aids/,NaN,
1wb6q4,Had unprotected sex with an international student from Africa. Now freaking out about HIV or AIDS.,http://www.reddit.com/r/sex/comments/1wb6q4/had_unprotected_sex_with_an_international_student/,throwaway146723,0,2014-01-27 12:59:08,7,/r/sex/comments/1wb6q4/had_unprotected_sex_with_an_international_student/,NaN,"
I had unprotected sex with a college girl who is an international student from Africa. I know that it is bad for me to think about this, and I didn't at first. I have had unprotected sex a bit, but this time I have been freaking out about contracting HIV. I didn't even think about it at first. It started to flood my mind right in the middle of it and has been bothering me since. 

I know that sounds horrible, and I have no reason to think that she has any std. Just the country she was from and the prevalence of HIV in Africa. I'm not sure if it really is just about the same likelihood as being with someone from the US, but I'm freaking out about it and feel bad for my ethnicity bias. 

Am I freaking out for nothing? What should I do?"
1x9vqm,Come Together For HIV &amp; AIDS: TV Advert Celebrates The Joys of Safe Sex,http://www.frostmagazine.com/2014/02/come-together-for-hiv-aids-tv-advert-celebrates-the-joys-of-safe-sex/,balavage,1,2014-02-07 06:47:01,0,/r/sex/comments/1x9vqm/come_together_for_hiv_aids_tv_advert_celebrates/,NaN,
25an08,"If I superglue my penis shut before sex instead of wearing a condom, can I still catch aids?",http://www.reddit.com/r/sex/comments/25an08/if_i_superglue_my_penis_shut_before_sex_instead/,[deleted],0,2014-05-11 11:19:15,8,/r/sex/comments/25an08/if_i_superglue_my_penis_shut_before_sex_instead/,NaN,please tell me what are the chances of getting aids if i do this. 
28z013,"How is HIV/AIDS transmitted? Is the list of transmission methods shorter than ways it cannot be, or is it the opposite?",http://www.reddit.com/r/sex/comments/28z013/how_is_hivaids_transmitted_is_the_list_of/,actualsnow,1,2014-06-24 08:26:42,2,/r/sex/comments/28z013/how_is_hivaids_transmitted_is_the_list_of/,NaN,
291rrl,"Don't wear a condom, wear values to fight AIDS: Harsh Vardhan (Minister of Health &amp; Family Welfare under the new Government in India)",http://timesofindia.indiatimes.com/india/Dont-wear-a-condom-wear-values-to-fight-AIDS-Harsh-Vardhan/articleshow/37169997.cms,wrinkled_nutsack,3,2014-06-25 04:23:17,0,/r/sex/comments/291rrl/dont_wear_a_condom_wear_values_to_fight_aids/,NaN,
2er57x,Assume the Position - Top Position Aids for Better Sex,http://blog.bettersex.com/assume-the-position-with-sex-props/,tivijonesphe,1,2014-08-27 12:37:45,0,/r/sex/comments/2er57x/assume_the_position_top_position_aids_for_better/,NaN,
2nzc08,Free condoms with the newspaper in Montreal for International AIDS Day,http://imgur.com/a/QJ7cc,adeni,91,2014-12-01 13:48:52,1,/r/sex/comments/2nzc08/free_condoms_with_the_newspaper_in_montreal_for/,NaN,
34c5em,[HIV] So how does contracting HIV/AIDS work?,http://www.reddit.com/r/sex/comments/34c5em/hiv_so_how_does_contracting_hivaids_work/,[deleted],1,2015-04-29 16:41:32,1,/r/sex/comments/34c5em/hiv_so_how_does_contracting_hivaids_work/,NaN,
34c6ul,[Question] So how is HIV/AIDS contracted?,http://www.reddit.com/r/sex/comments/34c6ul/question_so_how_is_hivaids_contracted/,sexedhelpthrow,1,2015-04-29 16:53:39,3,/r/sex/comments/34c6ul/question_so_how_is_hivaids_contracted/,NaN,
360k4n,[Question] What is my risk of getting AIDs from oral sex,http://www.reddit.com/r/sex/comments/360k4n/question_what_is_my_risk_of_getting_aids_from/,topmanthanks,0,2015-05-14 18:59:07,10,/r/sex/comments/360k4n/question_what_is_my_risk_of_getting_aids_from/,NaN,"Hi, my boyfriend is a virgin and we are going to have sex soon. I'm suddenly worried that I'll end up getting AIDs in some freak occurrence. How likely is it that a virgin in a 1st world rich country would have AIDs (And doesn't know) and would pass it through unprotected oral sex?

This question might sound crazy and obvious but put my mind at ease!"
38d8j0,HIV/Aids paranoia,http://www.reddit.com/r/sex/comments/38d8j0/hivaids_paranoia/,YellowAfrican,1,2015-06-03 06:43:04,1,/r/sex/comments/38d8j0/hivaids_paranoia/,NaN,
38fpv6,[HIV\aids] paranoia,http://www.reddit.com/r/sex/comments/38fpv6/hivaids_paranoia/,YellowAfrican,1,2015-06-03 15:28:24,8,/r/sex/comments/38fpv6/hivaids_paranoia/,NaN,"Ola Reddit, I am 24 years old and recently been in Japan. While in Japan, I went to a Pink Salon this one time. For those not familiar with the term - a Pink Salon is a blowjob bar. You pay a preset amount of cash and you get a blow job. Usually bare back unless you ask otherwise.

So long story short, I got a BJ In one of these pink salons. Now to make things clear - I do not have any good reason to believe I caught anything. This wasn't a shifty underground place and the girl, although not beautiful, did not look like a crack whore. From a little bit of research on the internet, I think it is safe to assume that I will be completely fine.

The reason for my paranoia is somewhat a moral issue - I have learnt that HIV Can be detected only after 3 to 6 months (!). I am about to fly home, after a 3 month trip around Asia and my girlfriend will be waiting for me. I will not be able to live with myself if I somehow get her infected.

Few questions to you guys - If no signs are shown. Is it safe to assume I'm clean? Can a test be made and get accurate results prior to 3 months? Can I do the test in a foreign country and somehow get results by email?
Are any signs supposed to show prior to 3 months?

I believe I might be completely over reacting. I regret this stupid decision very much.

"
3alha0,Where to donate money to AIDS/HIV NPO in Japan?,http://www.reddit.com/r/sex/comments/3alha0/where_to_donate_money_to_aidshiv_npo_in_japan/,[deleted],1,2015-06-21 04:07:38,1,/r/sex/comments/3alha0/where_to_donate_money_to_aidshiv_npo_in_japan/,NaN,
3alhuv,[Question] Where to donate money to AIDS/HIV NPO in Japan?,http://www.reddit.com/r/sex/comments/3alhuv/question_where_to_donate_money_to_aidshiv_npo_in/,[deleted],2,2015-06-21 04:19:28,1,/r/sex/comments/3alhuv/question_where_to_donate_money_to_aidshiv_npo_in/,NaN,
3dl4r8,[Question] Am I more likely to get AIDS when she is on her period?,http://www.reddit.com/r/sex/comments/3dl4r8/question_am_i_more_likely_to_get_aids_when_she_is/,Iskandar11,0,2015-07-16 20:49:29,10,/r/sex/comments/3dl4r8/question_am_i_more_likely_to_get_aids_when_she_is/,NaN,
3jnau0,[Question] Masturbation Aids (home made),https://www.reddit.com/r/sex/comments/3jnau0/question_masturbation_aids_home_made/,[deleted],0,2015-09-04 10:55:50,1,/r/sex/comments/3jnau0/question_masturbation_aids_home_made/,NaN,[deleted]
3kshxd,Can you get hiv/aids from Handjob?,https://www.reddit.com/r/sex/comments/3kshxd/can_you_get_hivaids_from_handjob/,[deleted],1,2015-09-13 08:25:19,1,/r/sex/comments/3kshxd/can_you_get_hivaids_from_handjob/,NaN,[removed]
3lbyit,Why should I care about getting HIV/AIDS since my life has so little value?,https://www.reddit.com/r/sex/comments/3lbyit/why_should_i_care_about_getting_hivaids_since_my/,[deleted],1,2015-09-17 11:23:15,1,/r/sex/comments/3lbyit/why_should_i_care_about_getting_hivaids_since_my/,NaN,[removed]
3lc0ge,Why should I care about getting HIV/AIDS when my life has such little value? [self.sex],https://www.reddit.com/r/sex/comments/3lc0ge/why_should_i_care_about_getting_hivaids_when_my/,rudeawakening4444,1,2015-09-17 11:36:24,0,/r/sex/comments/3lc0ge/why_should_i_care_about_getting_hivaids_when_my/,NaN,[removed]
3pfzp8,Guys please answer I'm panicking and I don't know what to do. I gave oral sex to an old guy months ago and he just told me he has aids.,https://www.reddit.com/r/sex/comments/3pfzp8/guys_please_answer_im_panicking_and_i_dont_know/,HypodermicAustin,0,2015-10-19 20:20:24,1,/r/sex/comments/3pfzp8/guys_please_answer_im_panicking_and_i_dont_know/,NaN,[removed]
3pg1j3,"[Advice] I gave oral sex to this old guy who just told, months later that he has AIDS. IM PANICKING",https://www.reddit.com/r/sex/comments/3pg1j3/advice_i_gave_oral_sex_to_this_old_guy_who_just/,[deleted],2,2015-10-19 20:33:53,23,/r/sex/comments/3pg1j3/advice_i_gave_oral_sex_to_this_old_guy_who_just/,NaN,[deleted]
3r5xdn,I am male and If ever I'll swallow a guy's cum when bj'ing. Can I get Aids from it after?,https://www.reddit.com/r/sex/comments/3r5xdn/i_am_male_and_if_ever_ill_swallow_a_guys_cum_when/,[deleted],1,2015-11-01 19:03:59,1,/r/sex/comments/3r5xdn/i_am_male_and_if_ever_ill_swallow_a_guys_cum_when/,NaN,[removed]
3r6g9n,I am male and If ever I'll swallow a guy's *** when bj'ing. Can I get Aids from it after?,https://www.reddit.com/r/sex/comments/3r6g9n/i_am_male_and_if_ever_ill_swallow_a_guys_when/,Denmarkgian,1,2015-11-01 21:48:30,1,/r/sex/comments/3r6g9n/i_am_male_and_if_ever_ill_swallow_a_guys_when/,NaN,[removed]
3u8zi6,Let's Break The Internet With SafeSexy Selfies For World AIDS Day!,https://www.reddit.com/r/sex/comments/3u8zi6/lets_break_the_internet_with_safesexy_selfies_for/,freefashion,1,2015-11-25 10:55:50,1,/r/sex/comments/3u8zi6/lets_break_the_internet_with_safesexy_selfies_for/,NaN,[removed]
3unj0w,What Causes AIDS and other questions,https://www.reddit.com/r/sex/comments/3unj0w/what_causes_aids_and_other_questions/,superdogg2015,1,2015-11-28 16:42:46,1,/r/sex/comments/3unj0w/what_causes_aids_and_other_questions/,NaN,[removed]
3v6sue,Worried About Contracting HIV/AIDS,https://www.reddit.com/r/sex/comments/3v6sue/worried_about_contracting_hivaids/,jacko79,1,2015-12-02 12:24:15,1,/r/sex/comments/3v6sue/worried_about_contracting_hivaids/,NaN,[removed]
3yvrtd,"Bedroom sex aids - chairs, rugs, racks, bed, lights, mirrors ? [decor] [sex aids]",https://www.reddit.com/r/sex/comments/3yvrtd/bedroom_sex_aids_chairs_rugs_racks_bed_lights/,throwaway-99999,5,2015-12-30 22:10:57,6,/r/sex/comments/3yvrtd/bedroom_sex_aids_chairs_rugs_racks_bed_lights/,NaN,"My wife wants to redo our bedroom including the master bathroom.   We are looking for ideas.   What things do you have in your bedroom that enhance your sex life ?  Chairs, rugs, racks, bed, lights, mirrors ? 

"
427npb,[Erection / ejaculation medical aids] Do they work?,https://www.reddit.com/r/sex/comments/427npb/erection_ejaculation_medical_aids_do_they_work/,nikki_kc,0,2016-01-22 13:22:25,6,/r/sex/comments/427npb/erection_ejaculation_medical_aids_do_they_work/,NaN,"I'm looking to set up a detailed medical play scene for someone, and I'd like to know if any of the widely available products like the Aries Ram range of delay creams, spray, etc actually work?  

Even better, if anyone actually qualified to answer knows whether there's a product or range of supplements proven to increase semen volume?  xxx"
4bn57s,I found out my wife is supposed to get an AIDS test five years from now.,https://www.reddit.com/r/sex/comments/4bn57s/i_found_out_my_wife_is_supposed_to_get_an_aids/,[deleted],1,2016-03-23 09:12:35,1,/r/sex/comments/4bn57s/i_found_out_my_wife_is_supposed_to_get_an_aids/,NaN,[removed]
4bn716,I found out my wife is supposed to get an [AIDS] test five years from now.,https://www.reddit.com/r/sex/comments/4bn716/i_found_out_my_wife_is_supposed_to_get_an_aids/,Chuck_Hitler,1022,2016-03-23 09:23:28,272,/r/sex/comments/4bn716/i_found_out_my_wife_is_supposed_to_get_an_aids/,NaN,"My wife and I have been married for twenty-two years. Yesterday she went to her gynecologist for her annual exam, where she was told that for women her age, she will have to get an AIDS test five years from now. It seems that for post-menopausal women, P-in-V sex can be painful, and many women of that age refuse to have any sex with their husbands at all. So apparently, the husbands look outside the marriage for sex, with other men and prostitutes. Hence the need for an AIDS test.

Both of us were amused and shocked that this is even a thing."
4fnpyw,[STI] Help me understand why HIV/AIDS is easier to contract through homosexual activity than it is through heterosexual activity.,https://www.reddit.com/r/sex/comments/4fnpyw/sti_help_me_understand_why_hivaids_is_easier_to/,fgejoiwnfgewijkobnew,1,2016-04-20 07:57:13,1,/r/sex/comments/4fnpyw/sti_help_me_understand_why_hivaids_is_easier_to/,NaN,[removed]
4ixobp,"[Sex toys][marital aids][penis size]Men who use penis sleeves/extenders or strap-one instead of your dick, how did you get your start?",https://www.reddit.com/r/sex/comments/4ixobp/sex_toysmarital_aidspenis_sizemen_who_use_penis/,Coidzor,2,2016-05-11 15:58:58,1,/r/sex/comments/4ixobp/sex_toysmarital_aidspenis_sizemen_who_use_penis/,NaN,[removed]
4ua3s1,[PrEP] Pre-exposure prophylaxis [AIDS] [DST],https://www.reddit.com/r/sex/comments/4ua3s1/prep_preexposure_prophylaxis_aids_dst/,sohprafalardeputaria,1,2016-07-23 14:10:01,2,/r/sex/comments/4ua3s1/prep_preexposure_prophylaxis_aids_dst/,NaN,"Hello,

Just recently I found out about the existence of this PrEP drug. For those who don't know: http://www.whatisprep.org

Does anyone here take it? I wouldn't even know which kind of doctor to consult before start taking.

Has anybody had any long term side effect? I've read about the increased risk of lower bone density and compromised kidney function, but apparently it is just an increased risk, not a certainty, and these things can be measured periodically, right?

Edit: STD, not DST, sorry!"
4x5cxf,"[Discussion] If technologies like CRISPR cure AIDS and virtually all STD's, and similarly unwanted pregnancy is eradicated as well (in the works btw), Do you think the world will become incredibly promiscuous?",https://www.reddit.com/r/sex/comments/4x5cxf/discussion_if_technologies_like_crispr_cure_aids/,ljjpaulsen,1,2016-08-10 17:34:31,1,/r/sex/comments/4x5cxf/discussion_if_technologies_like_crispr_cure_aids/,NaN,[removed]
4x5ex0,"[Discussion] If technologies like CRISPR cure AIDS and virtually all STD's, Do you think the world will become incredibly promiscuous?",https://www.reddit.com/r/sex/comments/4x5ex0/discussion_if_technologies_like_crispr_cure_aids/,ljjpaulsen,1,2016-08-10 17:47:32,1,/r/sex/comments/4x5ex0/discussion_if_technologies_like_crispr_cure_aids/,NaN,[removed]
4z76ru,[AIDS] Can yuu get AIDS by licking a female vagina?,https://www.reddit.com/r/sex/comments/4z76ru/aids_can_yuu_get_aids_by_licking_a_female_vagina/,FleshFleshForFantasy,0,2016-08-23 08:59:51,7,/r/sex/comments/4z76ru/aids_can_yuu_get_aids_by_licking_a_female_vagina/,NaN,
55duuj,I hear of fat ugly chicks that I can get if I lower my standards. But I have no standards. I'd fuck an obese 60 year old AIDS infected woman in an wheelchair. Where are these women anyone can get?,https://www.reddit.com/r/sex/comments/55duuj/i_hear_of_fat_ugly_chicks_that_i_can_get_if_i/,[deleted],1,2016-10-01 09:14:47,1,/r/sex/comments/55duuj/i_hear_of_fat_ugly_chicks_that_i_can_get_if_i/,NaN,[removed]
55ef35,Does the military test for HIV/AIDS?,https://www.reddit.com/r/sex/comments/55ef35/does_the_military_test_for_hivaids/,[deleted],1,2016-10-01 11:16:30,1,/r/sex/comments/55ef35/does_the_military_test_for_hivaids/,NaN,[removed]
5ffamv,[AIDS] Can someone have HIV for year without noticing?,https://www.reddit.com/r/sex/comments/5ffamv/aids_can_someone_have_hiv_for_year_without/,[deleted],4,2016-11-28 16:05:21,6,/r/sex/comments/5ffamv/aids_can_someone_have_hiv_for_year_without/,NaN,[deleted]
5j9e8k,[F] worried about AIDS/HIV after one night stand,https://www.reddit.com/r/sex/comments/5j9e8k/f_worried_about_aidshiv_after_one_night_stand/,[deleted],1,2016-12-19 14:20:15,1,/r/sex/comments/5j9e8k/f_worried_about_aidshiv_after_one_night_stand/,NaN,[removed]
5m4f9g,[condoms] [safe sex] [herpes] Why do condoms protect so much better against HIV/AIDS than herpes if they're both viruses?,https://www.reddit.com/r/sex/comments/5m4f9g/condoms_safe_sex_herpes_why_do_condoms_protect_so/,D0ngl3,3,2017-01-04 20:58:19,4,/r/sex/comments/5m4f9g/condoms_safe_sex_herpes_why_do_condoms_protect_so/,NaN,"Before we start throwing out different data sets at each other, what I'm most concerned with is mode of action or method of transmission.

Condoms are 98% effective against HIV/AIDS but far less so for herpes, which has viral shedding, which HIV/AIDS does not. So the idea is that unless blood/semen/vaginal fluid comes in contact with an open cut the shaft/balls, you're protected by skin. The head is a point of entry, though, because it's a mucous membrane.

So my guess is that our sex-ed teachers were afraid to get too graphic on us. I think the real reason a man can get herpes even when using a condom more so than a woman is because he pulls off the condom with his fingers, which get slick with vaginal wetness, and then at some point he inevitably touches the head of his penis with those ""contaminated"" fingers. It's the transfer of vaginal fluid that isn't discussed in detail when we're taught sex-ed in America.

If a man were to touch herpes sores while unrolling the condom, then use those same fingers on the outer surface of the condom while guiding his penis in her vagina, that would be the mode of action for transmitting herpes to the woman. 

To reiterate the question: when condoms fail, assuming they don't break and are applied correctly, why do people still get STI's while practicing safe sex?"
5xnv3o,[STD's] Acute AIDS infection symptoms?,https://www.reddit.com/r/sex/comments/5xnv3o/stds_acute_aids_infection_symptoms/,[deleted],1,2017-03-05 09:23:06,1,/r/sex/comments/5xnv3o/stds_acute_aids_infection_symptoms/,NaN,[removed]
62bnue,Can I Get Aids From Kissing?,https://www.reddit.com/r/sex/comments/62bnue/can_i_get_aids_from_kissing/,[deleted],1,2017-03-29 20:36:55,1,/r/sex/comments/62bnue/can_i_get_aids_from_kissing/,NaN,[removed]
62bpjq,[RISK] Can I Get Aids From Kissing?,https://www.reddit.com/r/sex/comments/62bpjq/risk_can_i_get_aids_from_kissing/,[deleted],1,2017-03-29 20:47:02,9,/r/sex/comments/62bpjq/risk_can_i_get_aids_from_kissing/,NaN,[removed]
64v581,[female sexual aids] Looking for something like cannabis-infused oil but locally legal,https://www.reddit.com/r/sex/comments/64v581/female_sexual_aids_looking_for_something_like/,aventually,3,2017-04-11 18:19:23,1,/r/sex/comments/64v581/female_sexual_aids_looking_for_something_like/,NaN,"I had the pleasure of trying a cannabis-infused intimacy oil (cannabis and coconut), and it worked amazingly. Unfortunately I live in a state where it's not legal and I don't have access to it. I'm looking for suggestions for other products, topical or otherwise, that have helped older women. I haven't really tried anything else and I don't know what active ingredients to look for.

I'm in my 30's and my sexual response isn't what it used to be. I don't really get wet when I'm aroused so I always have to use lube. I'm fine with that. But it can take an awful lot of time and mental effort to orgasm when I'm with my partner, to the point where sometimes I just give up or don't even try. The cannabis oil didn't make me feel high but it made orgasming effortless. Please tell me there are other aids that could help me achieve this??"
6k5xyo,[STDs/Sex Ed] Can you get AIDS from playing with a girl's boobs if she's lactating?,https://www.reddit.com/r/sex/comments/6k5xyo/stdssex_ed_can_you_get_aids_from_playing_with_a/,h8_singlemoms,1,2017-06-28 21:06:03,1,/r/sex/comments/6k5xyo/stdssex_ed_can_you_get_aids_from_playing_with_a/,NaN,[removed]
6k5zw2,[STDs/Sex Education] Can you get AIDS from playing with a girl's boobs if she's lactating?,https://www.reddit.com/r/sex/comments/6k5zw2/stdssex_education_can_you_get_aids_from_playing/,h8_singlemoms,2,2017-06-28 21:17:00,8,/r/sex/comments/6k5zw2/stdssex_education_can_you_get_aids_from_playing/,NaN,
78jddt,"Males that use masturbation aids (fleshlights, sleeves, etc), what has been your experience?",https://www.reddit.com/r/sex/comments/78jddt/males_that_use_masturbation_aids_fleshlights/,GDLKJesus,1,2017-10-24 15:27:18,19,/r/sex/comments/78jddt/males_that_use_masturbation_aids_fleshlights/,NaN,"I (27m), am interested in using a masturbation aid now that my most recent relationship has ended in an effort to sort of ""clean up"" my masturbation habits. I'm looking for something that is as true-to-life as possible.

What has been your experience with these aids? Any recommendations? Have you ever told your partner about them/used them together? How did you approach it?

Edit: formatting"
7aheuj,Boyfriend was tested for aids but didn’t tell me.,https://www.reddit.com/r/sex/comments/7aheuj/boyfriend_was_tested_for_aids_but_didnt_tell_me/,[deleted],1,2017-11-02 22:24:36,0,/r/sex/comments/7aheuj/boyfriend_was_tested_for_aids_but_didnt_tell_me/,NaN,[deleted]
7bru67,Issues with sex due to the 80's a sex ed during the AIDS epidemic.,https://www.reddit.com/r/sex/comments/7bru67/issues_with_sex_due_to_the_80s_a_sex_ed_during/,wwhsdits,3,2017-11-08 23:23:38,5,/r/sex/comments/7bru67/issues_with_sex_due_to_the_80s_a_sex_ed_during/,NaN,"Wanted to put this out there and see if anyone else is dealing with the same issue.

I grew up in the 80's and when AIDS became the epidemic that it was, I was in high school. One day we were all taken into a class room, and shown a video, with the message ""If you have sex, you will die"" reinforced about a thousand times. I guess in a way I didn't expect, the message became some part of my subconscious and just sat there.

This created a lot of anxiety and fear around sex for me. Now in my 40's,I still have issues with it. Thankfully my girlfriend was sensitive enough to allow me to move at my own pace and things worked out. But as a teenager, I missed out connecting with people I loved due to the fear of death.

I's only now that I realise that I was acting like an asexual creature when I was younger, and now that I see the issue, know that not the truth, I have been trying to remove this fear from my system.A few  years ago I realised it might be a problem when I was getting STI screenings ever other month after meeting people and having some very harmless and safe sex. It got to the point that my doctor asked what was the issue and I just covered it up.

I wanted to ask if anyone else had issues like this due to what they were told when they were in school. I realise I am maybe an extream case, but I don't believe I am the only one. 

I just wish that I had dealt with this earlier."
7t3diy,AIDS from menstrual blood?,https://www.reddit.com/r/sex/comments/7t3diy/aids_from_menstrual_blood/,ronaldthejerk,2,2018-01-26 01:00:46,12,/r/sex/comments/7t3diy/aids_from_menstrual_blood/,NaN,"If you go down orally on a girl and she starts bleeding, what are the chances you'll get it if she happens to have aids?"
88bnd8,3 men contracted Aids from running a train on a sex doll,https://www.reddit.com/r/sex/comments/88bnd8/3_men_contracted_aids_from_running_a_train_on_a/,Charli_Kerrigan,1,2018-03-30 09:31:37,0,/r/sex/comments/88bnd8/3_men_contracted_aids_from_running_a_train_on_a/,NaN,[removed]
8emft5,What are the chances of catching HIV/AIDS and other STD/STI’s From topping (Please help),https://www.reddit.com/r/sex/comments/8emft5/what_are_the_chances_of_catching_hivaids_and/,Michaell6,0,2018-04-24 10:54:17,15,/r/sex/comments/8emft5/what_are_the_chances_of_catching_hivaids_and/,NaN,"Yesterday I got curious and decided to go on Grinder. I found a transgender on there and we started talking. I went to her house and we hooked up. We started kissing, gave each other handjobs and oral (neither of us came). She took my dick and hers together, they touched and she started jerking both of us at the same time. She wanted to put my dick in her ass but I told her to give me a condom before she did. She opened one and she put it on while my dick was mid-erect. I was topping her for about 3-5 minutes, maybe 7 minutes top. I did use little bit of lube of course. I pulled out she took the condom off and she started sucking me again. Neither of us came. After that I put my clothes back on and went home and straight to the shower and changed my boxers. I didn’t shower before having sex with her if that makes any difference. I never been with a guy before that’s why I’m asking this. My girlfriend left me and it made me curious to try something different."
8exjr1,Can I get AIDS from someone that was contracted it the day before?,https://www.reddit.com/r/sex/comments/8exjr1/can_i_get_aids_from_someone_that_was_contracted/,[deleted],1,2018-04-25 15:04:49,0,/r/sex/comments/8exjr1/can_i_get_aids_from_someone_that_was_contracted/,NaN,[deleted]
8exmgj,Can I get aids from someone who contracted aids the day before we have sex?,https://www.reddit.com/r/sex/comments/8exmgj/can_i_get_aids_from_someone_who_contracted_aids/,luisro92,0,2018-04-25 15:14:48,9,/r/sex/comments/8exmgj/can_i_get_aids_from_someone_who_contracted_aids/,NaN,"In a hipotetical scenario where person A is free of aids, has unprotected sex with person B (who has aids), then, person A contracts aids that night but doesn't know it yet. If I have unprotected sex with person A the day after he/she contracted it will I get infected too?

Edit: I meant HIV*"
8knlfp,AIDS,https://www.reddit.com/r/sex/comments/8knlfp/aids/,TheSeasonedCurlys,0,2018-05-19 12:44:48,8,/r/sex/comments/8knlfp/aids/,NaN,I just did some blow and had sex with someone with aids Because I thought it would be hotter than regular sex. I was kind of right but now that I'm sober I feel it was a mistake. What do you guys think?
8rnwek,"Hey, fuck you all for having sex. Hope your genitalia dies off and you get space aids.",https://www.reddit.com/r/sex/comments/8rnwek/hey_fuck_you_all_for_having_sex_hope_your/,shallikillmyself,1,2018-06-16 18:45:02,1,/r/sex/comments/8rnwek/hey_fuck_you_all_for_having_sex_hope_your/,NaN,[removed]
8t4m5h,[F20] i got tested for aids,https://www.reddit.com/r/sex/comments/8t4m5h/f20_i_got_tested_for_aids/,Dropdead1997,0,2018-06-22 13:38:21,7,/r/sex/comments/8t4m5h/f20_i_got_tested_for_aids/,NaN,"Hi, i had unprotected sex like 2 months ago(it was when i lost my virginity, i did sex just once)got tested for aids and it came back negative. All good. After a few weeks I started to have headaches , to feel pain in my eyes, feel tired - so i went to GP. He said i have low blood sugar and I might have bacteria and something in my stomach, and maybe a disease related to skin(even though i dont have skin rashes , just stretch marks). I went to make blood test, which came : immunology , too high (crp 5.6) and mchc 31.9 (too low) . Im not doctor so i dont what that means , im waiting for appointment. I still feel tired sometimes, and pain in chest , and heart, and my vagina is itchy .I think I have Hiv :((("
94zi8i,"When giving someone a bj for the first time, Is there a way to guarantee you won't get an STD or aids?",https://www.reddit.com/r/sex/comments/94zi8i/when_giving_someone_a_bj_for_the_first_time_is/,casey51,0,2018-08-06 01:18:35,2,/r/sex/comments/94zi8i/when_giving_someone_a_bj_for_the_first_time_is/,NaN,"Especially if you are planning on swallowing. Do they just have to get tested? Could someone please educate me?

Thanks"
962iej,Chances I get aids from someone who works in the military?,https://www.reddit.com/r/sex/comments/962iej/chances_i_get_aids_from_someone_who_works_in_the/,Tummyyimmy6,0,2018-08-09 18:23:16,22,/r/sex/comments/962iej/chances_i_get_aids_from_someone_who_works_in_the/,NaN,"So he is an IT consultant for the military. Not sure if those people have to get tested too constantly lol

We had unprotected sex for 2 min and I told him to take it out. He didn’t cum in me

I know they say that women are more likely to receive HIV from men than vice versa "
97n4ut,Do vibrators and other tools and aids affect the woman's ability to cum from normal sex?,https://www.reddit.com/r/sex/comments/97n4ut/do_vibrators_and_other_tools_and_aids_affect_the/,HuckleBrick,0,2018-08-15 16:24:50,8,/r/sex/comments/97n4ut/do_vibrators_and_other_tools_and_aids_affect_the/,NaN,"Hi, I'm a bit new here, so forgive me if this has been asked already, but basically let me explain:

I married my wife about a month ago and we waited until marriage to have sex. Since then, it has been a journey of learning how to enjoy it together, often painful for her, getting better each time, until recently when we had sex for the first time completely pain and discomfort free!

Now, a few things are on my mind: 1. I can't last long enough when inside her to bring her to a vast land of pleasure (she really seemed to enjoy penetration this last time, breathing and moaning a lot, definitely building). And 2. I haven't been able to bring her to orgasm yet, so after like 15 minutes of foreplay and just me pleasuring her (and her enjoying it!) I'll penetrate and finish after a minute or less (I know😟).

So, my question is: would getting a vibrator or some other type of aid make it harder for her to have a vanilla orgasm with just me?"
9v8pgs,How different would sex habits be if AIDS never existed?,https://www.reddit.com/r/sex/comments/9v8pgs/how_different_would_sex_habits_be_if_aids_never/,LazyHighGoals,1,2018-11-08 01:50:08,12,/r/sex/comments/9v8pgs/how_different_would_sex_habits_be_if_aids_never/,NaN,
albmqr,Can you get HIV or AIDS if cum enters your nose?(urgent),https://www.reddit.com/r/sex/comments/albmqr/can_you_get_hiv_or_aids_if_cum_enters_your/,redblackdarkness,1,2019-01-30 03:04:01,12,/r/sex/comments/albmqr/can_you_get_hiv_or_aids_if_cum_enters_your/,NaN,"So i was doing my business and when I ejaculated, I think some of my semen landed on my nearby Ipad. I left to wash my hands for a minute or two and when I came back, I saw the drop of (presumably) semen. I did not know what it was so I decided to smell it. Since I know HIV and other stds can infect you through mucous membranes, I was wondering if I could contract HIV or other stds this way "
ams4uq,"Do I need an aids test, have you had one? Can you explain to me.",https://www.reddit.com/r/sex/comments/ams4uq/do_i_need_an_aids_test_have_you_had_one_can_you/,Cockwombles,1,2019-02-03 10:11:17,51,/r/sex/comments/ams4uq/do_i_need_an_aids_test_have_you_had_one_can_you/,NaN,"I’ve had anal sex with 3 men, possibly 5. Maybe a few more. I’m married to a woman. Is this aids test something I should do or am I probably ok, because I feel fine. 

Be honest and don’t try to scare me.
Don’t just say get aids tested because you think I’m gay, that’s bigoted.

I’m not from somewhere where there’s a lot of aids. There’s not a big gay community and it’s just like the countryside. Most of the men I was with were married. Most were from my community which is closed to outsiders.

I’ve avoided it because it seems like something only really gay men do, and the doctor would ask me questions and put something on my file. I don’t want my wife seeing a letter that gives aids testing results or asks me to come back every year or anything.
Also I’ve been to the doctor once in my life and I’m not sure if I have any registration.
Age- 35
Sex- m
Race - romany gypsy / white
Location -UK No medical issues or medications.

My sexuality is straight with some gay attractions for reference."
b6b7c8,Is there risk of AIDS in heterosexual anal sex?,https://www.reddit.com/r/sex/comments/b6b7c8/is_there_risk_of_aids_in_heterosexual_anal_sex/,jezebel262,1,2019-03-27 16:04:37,1,/r/sex/comments/b6b7c8/is_there_risk_of_aids_in_heterosexual_anal_sex/,NaN,[removed]
c0whph,"I received ORAL from a guy last month and im sick now, do I have AIDS?",https://www.reddit.com/r/sex/comments/c0whph/i_received_oral_from_a_guy_last_month_and_im_sick/,Mexicardano,0,2019-06-15 04:51:51,5,/r/sex/comments/c0whph/i_received_oral_from_a_guy_last_month_and_im_sick/,NaN,"Im straight but about a month ago I let a guy suck me and he tongued my dickhole. For the past 4 days ive had a sore throat and been coughing and this morning i feel tired and weak from all the coughing but its going away. What if I have aids? these are the starting symptoms, im freaking out."
cd4tmq,"can u get aids from oral sex? eating her pussy, or she givin u head?",https://www.reddit.com/r/sex/comments/cd4tmq/can_u_get_aids_from_oral_sex_eating_her_pussy_or/,clitdestroyerxxx,0,2019-07-14 09:18:04,26,/r/sex/comments/cd4tmq/can_u_get_aids_from_oral_sex_eating_her_pussy_or/,NaN,"im gonna hook up with this girl, i am a virgin and really afraid i get aids or something"
cpxagg,I had sex for the first time and i think i got aids.,https://www.reddit.com/r/sex/comments/cpxagg/i_had_sex_for_the_first_time_and_i_think_i_got/,emrvlk09,0,2019-08-13 11:33:53,0,/r/sex/comments/cpxagg/i_had_sex_for_the_first_time_and_i_think_i_got/,NaN,[removed]
cqb0rz,Did i really got aids ?,https://www.reddit.com/r/sex/comments/cqb0rz/did_i_really_got_aids/,emrvlk09,0,2019-08-14 08:13:19,0,/r/sex/comments/cqb0rz/did_i_really_got_aids/,NaN,[removed]
d6vwe4,Aids/HIV,https://www.reddit.com/r/sex/comments/d6vwe4/aidshiv/,kingkingking2005,1,2019-09-20 07:42:40,1,/r/sex/comments/d6vwe4/aidshiv/,NaN,How does HIV spread? Do you need to have it in your system even before its contagious to somebody else or what? I not educated on it?
du201i,"Dudes, do you find that ejaculation aids digestion?",https://www.reddit.com/r/sex/comments/du201i/dudes_do_you_find_that_ejaculation_aids_digestion/,AnakinWayneII,1,2019-11-09 13:26:52,3,/r/sex/comments/du201i/dudes_do_you_find_that_ejaculation_aids_digestion/,NaN,"Do you find that ejaculation, whether from sex or masturbation, aids digestion of a meal consumed hours beforehand?

Interested in your thoughts..."
duq413,About AIDS and other diseases,https://www.reddit.com/r/sex/comments/duq413/about_aids_and_other_diseases/,DoKSolero,1,2019-11-11 01:34:08,1,/r/sex/comments/duq413/about_aids_and_other_diseases/,NaN,"First of all, sorry for my English.

So, I'm actually 20 years old and some things about sex remain a mystery for me even with long searches across internet and all people sharing informations. I'm very embarrassed about speaking of it to my parents, and can't plan any medical visit without them knowing.

My question is : I'm going to see my girlfriend in February (we live in a long distance relationship) and it will be my first time. I've never did anything with anyone and she made a test and she's clean. If we go for condom it will be ok, but she plan to take contraceptive pills/control pills (idk how do we say it in English but things to prevent pregnancy) so we thought about doing it without condom.

Would it be safe given the fact she's clean and I never did anything ? Do I have to make a test myself ? Is it possible that I have some disease without knowing ?"
e6dehu,Can you get aids from a BJ because of a razor cut?,https://www.reddit.com/r/sex/comments/e6dehu/can_you_get_aids_from_a_bj_because_of_a_razor_cut/,ohshitwuddup_cx,1,2019-12-04 22:45:07,11,/r/sex/comments/e6dehu/can_you_get_aids_from_a_bj_because_of_a_razor_cut/,NaN,"If someone with HIV were to slob on my balls after I knicked my left nut, would it give me aids?"
eu4ipj,How do you know if someone has aids?,https://www.reddit.com/r/sex/comments/eu4ipj/how_do_you_know_if_someone_has_aids/,strangegeneration94,1,2020-01-26 01:08:10,20,/r/sex/comments/eu4ipj/how_do_you_know_if_someone_has_aids/,NaN,"Serious question. And no disrespect to anyone who has, or knows someone who has aids. 

I'm a male, 25 years old. 

I like this girl. There's a chemistry between the two of us. But she has a past of serious drug use. She used to shoot up. I haven't yet asked her if she's been tested for aids. And honestly, I'm hesitant to. That's not exactly something you wanna ask a person who you have a crush on. And plus, even if I did, she might not even know. Even though I like this girl, and definitely wanna have sex with her, I don't wanna take the risk of getting aids. I can't help but associating injecting drugs with aids. And this is really serious. I hate that I'd even have to take this into consideration over  a girl that I'm attracted to. But still...I don't wanna get sick. 

So I'm asking you, the people of Reddit. People who might have experience with this. How do you know if someone has aids. Any signs or symptoms I should be aware of?"
gcz50w,I managed to give myself AIDS while in quarantine,https://www.reddit.com/r/sex/comments/gcz50w/i_managed_to_give_myself_aids_while_in_quarantine/,xJebBushScrotum420x,1,2020-05-03 14:59:34,0,/r/sex/comments/gcz50w/i_managed_to_give_myself_aids_while_in_quarantine/,NaN,[removed]
gcz6u0,Can you give yourself AIDS?,https://www.reddit.com/r/sex/comments/gcz6u0/can_you_give_yourself_aids/,xJebBushScrotum420x,1,2020-05-03 15:02:19,11,/r/sex/comments/gcz6u0/can_you_give_yourself_aids/,NaN,"Hi Reddit,

I've been absolutely beside myself the past few days, pacing around my apartment, contemplating going to the doctors over this mess. What happened you ask?

 Well the other day, I popped a hemorrhoid on my anus and there was a good amount of bleeding. To ease the pain, I decided to crank one out while lying down (this detail is important because I'm only used to doing it while standing), and when i finished, a waterfall of my own semen drizzled over the open wound on the outside of my anus. 

I tried to remain calm and assure myself that I was being paranoid, but as we all know, Blood + Semen = AIDS and that is not a risk I am willing take. As of yesterday, I've started running a fever, had awful fatigue, and am coughing my lungs out. The only answer to this that I can see is that I managed to give myself HIV/AIDS (idk the difference tbh but who cares). 

I feel like a victim here. I didn't even have anal (gay) sex but I still got AIDS. 

&amp;#x200B;

Any suggestions?"
gu8vg4,Have some questions about sex pillows and position aids,https://www.reddit.com/r/sex/comments/gu8vg4/have_some_questions_about_sex_pillows_and/,Sextional,2,2020-05-31 15:55:01,1,/r/sex/comments/gu8vg4/have_some_questions_about_sex_pillows_and/,NaN,"Hey y'all, just wanted to ask about sex wedges and pillows. I just purchased a set for myself and bf because disabilities make certain positions hard to maintain without support. What's been your experience with them? Do you like them? Have they been helpful?"
k1r7ya,Would you let someone give you AIDS for 1 billion dollars ?,https://www.reddit.com/r/sex/comments/k1r7ya/would_you_let_someone_give_you_aids_for_1_billion/,manomoore99,1,2020-11-26 16:53:55,13,/r/sex/comments/k1r7ya/would_you_let_someone_give_you_aids_for_1_billion/,NaN,I sure as hell wouldn’t !!!!
kcn3aw,Potential signs of any STD/HIV/AIDS?,https://www.reddit.com/r/sex/comments/kcn3aw/potential_signs_of_any_stdhivaids/,thoraway68489,1,2020-12-13 17:00:13,0,/r/sex/comments/kcn3aw/potential_signs_of_any_stdhivaids/,NaN,[removed]
l7bysg,I found a channel on tik tok where a lovely lady teaches how to pleasure your partner. Guys and girls. She uses visual aids and does lives pretty regularly where you can ask questions and get answers. @_sassyred_,https://www.reddit.com/r/sex/comments/l7bysg/i_found_a_channel_on_tik_tok_where_a_lovely_lady/,hafsies,1,2021-01-28 15:09:31,7,/r/sex/comments/l7bysg/i_found_a_channel_on_tik_tok_where_a_lovely_lady/,NaN,"She isnt me. Im a 30 year old dude. Ive just learmed tons from watching her stuff and figured this would be a great place to share her. Also, she is a genuinely good human being."
njmxsd,Chances of getting aids?,https://www.reddit.com/r/sex/comments/njmxsd/chances_of_getting_aids/,djdjp7,1,2021-05-23 19:00:24,2,/r/sex/comments/njmxsd/chances_of_getting_aids/,NaN,[removed]
nskk0i,Hiv / aids/ diseases,https://www.reddit.com/r/sex/comments/nskk0i/hiv_aids_diseases/,charlierealone,1,2021-06-04 18:27:53,17,/r/sex/comments/nskk0i/hiv_aids_diseases/,NaN,So I'm (m) 22 and I'm confused in how sexually transimited diseases get passed on. Can someone explain it? So with how many people can you have unprotected sex with amd not geta disease or for how many times?
oh1qto,If a girl puts her bloody saliva and I swallow it will I get aids?,https://www.reddit.com/r/sex/comments/oh1qto/if_a_girl_puts_her_bloody_saliva_and_i_swallow_it/,eyeinthesky99,1,2021-07-09 11:36:16,2,/r/sex/comments/oh1qto/if_a_girl_puts_her_bloody_saliva_and_i_swallow_it/,NaN,[removed]
