Post ID,Title,Url,Author,Score,Publish Date,Total No. of Comments,Permalink,Flair,body
klt0q,Gamers Crack AIDS Puzzle,http://www.medicalnewstoday.com/articles/234664.php,moreofthatjazz,1,2011-09-20 11:01:56,0,/r/HIV/comments/klt0q/gamers_crack_aids_puzzle/,NaN,
mlx9r,U.N. Says AIDS Epidemic Is Stabilizing : The Two-Way : NPR,http://www.npr.org/blogs/thetwo-way/2011/11/21/142614399/u-n-says-aids-epidemic-is-stabilizing,AIDSVu,1,2011-11-22 13:27:47,0,/r/HIV/comments/mlx9r/un_says_aids_epidemic_is_stabilizing_the_twoway/,NaN,
mmoni,D.C. Biology Class Campaigns For AIDS Awareness,http://wamu.org/news/11/11/22/dc_biology_class_campaigns_for_aids_awareness,AIDSVu,1,2011-11-23 05:26:19,0,/r/HIV/comments/mmoni/dc_biology_class_campaigns_for_aids_awareness/,NaN,
mmp21,"AIDS in the Heartland, AIDS in My Family",http://www.thebody.com/content/64765/aids-in-the-heartland-aids-in-my-family.html,AIDSVu,1,2011-11-23 05:44:15,0,/r/HIV/comments/mmp21/aids_in_the_heartland_aids_in_my_family/,NaN,
mmpcu,Windy City Times - AIDS: Latino AIDS groups join forces for event,http://www.windycitymediagroup.com/gay/lesbian/news/ARTICLE.php?AID=34898,AIDSVu,1,2011-11-23 05:56:22,0,/r/HIV/comments/mmpcu/windy_city_times_aids_latino_aids_groups_join/,NaN,
mmq9x,New Media at the U.S. Conference on AIDS     | blog.aids.gov,http://blog.aids.gov/2011/11/new-media-at-the-u-s-conference-on-aids.html,AIDSVu,1,2011-11-23 06:28:05,0,/r/HIV/comments/mmq9x/new_media_at_the_us_conference_on_aids_blogaidsgov/,NaN,
mmrhi,Will Obama follow through on Clinton’s ‘AIDS-free generation’ speech?,http://www.miamiherald.com/2011/11/22/2514839/will-obama-follow-through-on.html,AIDSVu,2,2011-11-23 07:09:09,0,/r/HIV/comments/mmrhi/will_obama_follow_through_on_clintons_aidsfree/,NaN,
ms1by,"DC agencies to collect gifts for families affected by HIV, AIDS - The Washington Post",http://www.washingtonpost.com/local/dc-agencies-to-collect-gifts-for-families-affected-by-hiv-aids/2011/11/28/gIQAjYmm3N_story.html,AIDSVu,2,2011-11-28 07:05:32,0,/r/HIV/comments/ms1by/dc_agencies_to_collect_gifts_for_families/,NaN,
ms1oj,Neglecting HIV/AIDS in the Southeast – The Chart - CNN.com Blogs,http://thechart.blogs.cnn.com/2011/11/27/neglecting-hivaids-in-the-southeast/,AIDSVu,2,2011-11-28 07:16:47,0,/r/HIV/comments/ms1oj/neglecting_hivaids_in_the_southeast_the_chart/,NaN,
ms495,An AIDS-free generation: Running toward a dream of a lifetime,http://articles.chicagotribune.com/2011-11-27/news/ct-perspec-1127-aids-20111127_1_hiv-infections-aids-free-antiretroviral,AIDSVu,2,2011-11-28 08:32:01,0,/r/HIV/comments/ms495/an_aidsfree_generation_running_toward_a_dream_of/,NaN,
ms793,"30 Years of Fighting AIDS: Much Progress, Many Losses",http://www.gothamgazette.com/article/Health/20111128/9/3650,AIDSVu,2,2011-11-28 09:49:25,0,/r/HIV/comments/ms793/30_years_of_fighting_aids_much_progress_many/,NaN,
mtcp6,"AIDS panel discussion will join Obama, Bush and Clinton on World AIDS Day - The Washington Post",http://www.washingtonpost.com/politics/aids-panel-discussion-will-join-obama-bush-and-clinton-on-world-aids-day/2011/11/28/gIQAePuI6N_story.html,AIDSVu,2,2011-11-29 06:39:04,0,/r/HIV/comments/mtcp6/aids_panel_discussion_will_join_obama_bush_and/,NaN,
mtdq7,"Obama to Join Bush, Clinton in AIDS Event - Washington Wire - WSJ",http://blogs.wsj.com/washwire/2011/11/28/obama-to-join-bush-clinton-in-aids-event/?mod=google_news_blog,AIDSVu,1,2011-11-29 07:12:01,1,/r/HIV/comments/mtdq7/obama_to_join_bush_clinton_in_aids_event/,NaN,
mtehr,World Aids Day: the disease that changed the world - Telegraph,http://www.telegraph.co.uk/health/8920482/World-Aids-Day-the-disease-that-changed-the-world.html,AIDSVu,3,2011-11-29 07:33:51,0,/r/HIV/comments/mtehr/world_aids_day_the_disease_that_changed_the_world/,NaN,
mtii7,"Editorial: With AIDS at 30, is daylight at the end of the tunnel? | Detroit Free Press | freep.com",http://www.freep.com/article/20111129/OPINION01/111290320/Editorial-AIDS-30-daylight-end-tunnel-?odyssey=mod|newswell|text|FRONTPAGE|p,AIDSVu,1,2011-11-29 09:20:29,0,/r/HIV/comments/mtii7/editorial_with_aids_at_30_is_daylight_at_the_end/,NaN,
mtjwu,"District Officials Observe World AIDS Day with Testing, Education, Strategic Planning Events",http://www.washingtoninformer.com/index.php?option=com_content&amp;view=article&amp;id=7605:district-officials-observe-world-aids-day-with-testing-education-strategic-planning-events&amp;catid=1:latest&amp;Itemid=219,AIDSVu,1,2011-11-29 09:54:38,0,/r/HIV/comments/mtjwu/district_officials_observe_world_aids_day_with/,NaN,
mtlga,New city plan aimed at reducing HIV/AIDS infections by 25%,"http://www.baltimoresun.com/health/bs-hs-hiv-mayor-report-20111129,0,6984781.story",AIDSVu,1,2011-11-29 10:29:51,0,/r/HIV/comments/mtlga/new_city_plan_aimed_at_reducing_hivaids/,NaN,
muyg4,World AIDS Day: Remembering Thirty Years ,http://www.huffingtonpost.com/sheryl-lee-ralph/world-aids-day-2011_b_1118517.html,AIDSVu,1,2011-11-30 10:00:16,0,/r/HIV/comments/muyg4/world_aids_day_remembering_thirty_years/,NaN,
mv1rd,"Budget For City HIV/AIDS Patients Shrinking Despite Record Caseload, New Report Says - NY1.com",http://www.ny1.com/content/top_stories/151606/budget-for-city-hiv-aids-patients-shrinking-despite-record-caseload--new-report-says,AIDSVu,1,2011-11-30 11:14:55,0,/r/HIV/comments/mv1rd/budget_for_city_hivaids_patients_shrinking/,NaN,
mv3sj,"NYC caught between budget crunch and rising AIDs cost
| Reuters",http://www.reuters.com/article/2011/11/29/us-newyorkcity-budget-idUSTRE7AS2PL20111129,AIDSVu,1,2011-11-30 12:02:01,0,/r/HIV/comments/mv3sj/nyc_caught_between_budget_crunch_and_rising_aids/,NaN,
mv78b,New CDC initiative aims to boost AIDS testing - USATODAY.com,http://yourlife.usatoday.com/health/story/2011-11-29/New-CDC-anti-AIDS-initiative-aims-to-boost-HIV-testing/51468782/1,AIDSVu,1,2011-11-30 13:22:00,0,/r/HIV/comments/mv78b/new_cdc_initiative_aims_to_boost_aids_testing/,NaN,
mv8bs,Plan To Increase HIV/AIDS Testing In Baltimore - Baltimore News Story - WBAL Baltimore,http://www.wbaltv.com/r/29881744/detail.html,AIDSVu,1,2011-11-30 13:45:15,0,/r/HIV/comments/mv8bs/plan_to_increase_hivaids_testing_in_baltimore/,NaN,
mwnd5,WORLD AIDS DAY 2011- Do Something! It’s still not over!,http://www.sonyagadams.com/?p=1029,sonyaga,1,2011-12-01 13:56:20,0,/r/HIV/comments/mwnd5/world_aids_day_2011_do_something_its_still_not/,NaN,
n163f,Obama Raises U.S. Goal on Fighting AIDS,http://www.foxbusiness.com/news/2011/12/02/obama-raises-us-goal-on-fighting-aids/,AIDSVu,1,2011-12-05 07:31:40,0,/r/HIV/comments/n163f/obama_raises_us_goal_on_fighting_aids/,NaN,
n19qv,US AIDS Chief Says Tipping Point Is In Sight : Shots - Health Blog : NPR,http://www.npr.org/blogs/health/2011/12/02/143060221/us-aids-chief-says-tipping-point-is-in-sight?ps=sh_sthdl,AIDSVu,3,2011-12-05 09:08:20,0,/r/HIV/comments/n19qv/us_aids_chief_says_tipping_point_is_in_sight/,NaN,
n1b1w,Women's Empowerment and HIV/AIDS: A Call to Action on World AIDS Day,http://www.huffingtonpost.com/racheal-yeager/womens-empowerment-and-hi_b_1124029.html,AIDSVu,2,2011-12-05 09:41:27,0,/r/HIV/comments/n1b1w/womens_empowerment_and_hivaids_a_call_to_action/,NaN,
n1c0h,Number of Floridians waiting for AIDS drugs drops dramatically | Florida Independent,http://floridaindependent.com/59099/adap-wait-list-numbers-drop,AIDSVu,1,2011-12-05 10:04:40,0,/r/HIV/comments/n1c0h/number_of_floridians_waiting_for_aids_drugs_drops/,NaN,
n1dfl,Va.'s AIDS Drug Assistance Program to make changes,http://www2.timesdispatch.com/news/state-news/2011/dec/03/tdmet02-vas-aids-drug-assistance-program-to-make-c-ar-1510516/,AIDSVu,1,2011-12-05 10:37:01,0,/r/HIV/comments/n1dfl/vas_aids_drug_assistance_program_to_make_changes/,NaN,
n1gwp,"Worcester Telegram &amp; Gazette - telegram.com - 25 million AIDS deaths, but the fight goes on",http://www.telegram.com/article/20111202/NEWS/112029699/1052,AIDSVu,1,2011-12-05 11:57:16,0,/r/HIV/comments/n1gwp/worcester_telegram_gazette_telegramcom_25_million/,NaN,
n2jcw,Why we still need to worry about AIDS - USATODAY.com,http://yourlife.usatoday.com/health/story/2011-12-06/Why-we-still-need-to-worry-about-AIDS/51651312/1,AIDSVu,1,2011-12-06 06:55:32,0,/r/HIV/comments/n2jcw/why_we_still_need_to_worry_about_aids_usatodaycom/,NaN,
n2jyv,GU Reaches Out Amid District AIDS Epidemic - The Hoya,http://www.thehoya.com/gu-reaches-out-amid-district-aids-epidemic-1.2726162#.Tt4slVbntBl,AIDSVu,1,2011-12-06 07:15:37,0,/r/HIV/comments/n2jyv/gu_reaches_out_amid_district_aids_epidemic_the/,NaN,
n3xft,Teaching about HIV/AIDS in the church,http://articles.baltimoresun.com/2011-12-06/health/bs-hs-aids-church-20111204_1_aids-education-aids-cases-jacques-initiative,AIDSVu,1,2011-12-07 06:33:20,0,/r/HIV/comments/n3xft/teaching_about_hivaids_in_the_church/,NaN,
n3y7x,Texas: AIDS Health Clinic to Open in Outreach Center in Fort Worth,http://www.thebody.com/content/65069/texas-aids-health-clinic-to-open-in-outreach-cente.html,AIDSVu,1,2011-12-07 06:58:15,0,/r/HIV/comments/n3y7x/texas_aids_health_clinic_to_open_in_outreach/,NaN,
ncep3,HIV/AIDS Community Spotlight: People Who Made a Difference in 2011,http://www.thebody.com/content/65158/hivaids-community-spotlight-people-who-made-a-diff.html,AIDSVu,1,2011-12-14 06:42:28,0,/r/HIV/comments/ncep3/hivaids_community_spotlight_people_who_made_a/,NaN,
ndscu,"To stop AIDS, fight discrimination",http://www.wpri.com/dpps/health/healthy_living/to-stop-aids-fight-discrimination_4014627,AIDSVu,1,2011-12-15 06:20:56,0,/r/HIV/comments/ndscu/to_stop_aids_fight_discrimination/,NaN,
ndsq3,Waiting list for HIV/AIDS drugs significantly shorter | Tallahassee Democrat | tallahassee.com,http://www.tallahassee.com/article/20111215/NEWS01/112150311/Waiting-list-HIV-AIDS-drugs-significantly-shorter,AIDSVu,1,2011-12-15 06:32:43,0,/r/HIV/comments/ndsq3/waiting_list_for_hivaids_drugs_significantly/,NaN,
nf6od,Increasing student awareness of HIV/AIDS,http://southtownstar.suntimes.com/opinions/9446148-474/williams-increasing-student-awareness-of-hivaids.html,AIDSVu,1,2011-12-16 06:35:35,0,/r/HIV/comments/nf6od/increasing_student_awareness_of_hivaids/,NaN,
nf73o,Addressing the stigma of HIV/AIDS in the Black community,http://www.thewestsidegazette.com/news/Article/Article.asp?NewsID=111830&amp;sID=4&amp;ItemSource=L,AIDSVu,1,2011-12-16 06:50:39,0,/r/HIV/comments/nf73o/addressing_the_stigma_of_hivaids_in_the_black/,NaN,
njva3,Number of Floridians on AIDS drug waiting list increasing again | Florida Independent,http://floridaindependent.com/61594/hiv-aids-drugs-waiting-list,AIDSVu,1,2011-12-20 06:38:11,0,/r/HIV/comments/njva3/number_of_floridians_on_aids_drug_waiting_list/,NaN,
nmm6h,What’s next for HIV/AIDS services?,http://www.dallasvoice.com/what%E2%80%99s-hivaids-services-1097366.html,[deleted],1,2011-12-22 06:09:06,0,/r/HIV/comments/nmm6h/whats_next_for_hivaids_services/,NaN,
nmml8,"Jeff Crowley, the Director of the White House Office of National AIDS Policy, Leaving His Post",http://www.thebody.com/content/65251/jeff-crowley-the-director-of-the-white-house-offic.html,AIDSVu,1,2011-12-22 06:23:57,0,/r/HIV/comments/nmml8/jeff_crowley_the_director_of_the_white_house/,NaN,
nmn6l,Windy City Times - AIDS: Amy Maggio looks back on early AIDS era - 437,http://www.windycitymediagroup.com/gay/lesbian/news/ARTICLE.php?AID=35334,AIDSVu,1,2011-12-22 06:45:02,0,/r/HIV/comments/nmn6l/windy_city_times_aids_amy_maggio_looks_back_on/,NaN,
o13w8,"Texas AIDS deaths decline, but more youths HIV-positive",http://www.chron.com/news/houston-texas/article/Texas-AIDS-deaths-decline-but-more-youths-2429673.php,AIDSVu,1,2012-01-03 06:33:39,0,/r/HIV/comments/o13w8/texas_aids_deaths_decline_but_more_youths/,NaN,
o14ar,Antiviral Drugs Sparkle In The Race To End AIDS : Shots - Health Blog : NPR,http://www.npr.org/blogs/health/2011/12/28/144320653/antiviral-drugs-sparkle-in-the-race-to-end-aids,AIDSVu,1,2012-01-03 06:46:55,0,/r/HIV/comments/o14ar/antiviral_drugs_sparkle_in_the_race_to_end_aids/,NaN,
o1jhz,The Future of Treatment for HIV/AIDS,http://ppadvocatesaz.wordpress.com/2011/12/06/sti-awareness-the-future-of-treatment-for-hivaids/,acaz2012,1,2012-01-03 13:04:18,0,/r/HIV/comments/o1jhz/the_future_of_treatment_for_hivaids/,NaN,
o3yvi,Navajo Nation confronts HIV and AIDS,"http://www.latimes.com/news/science/la-na-navajo-hiv-20120105,0,413854.story",AIDSVu,1,2012-01-05 06:32:54,0,/r/HIV/comments/o3yvi/navajo_nation_confronts_hiv_and_aids/,NaN,
o9d85,"Middle TN doctors, researchers, activists pursue the end of AIDS | The Tennessean | tennessean.com",http://www.tennessean.com/article/20120109/NEWS07/301090020/Middle-TN-doctors-researchers-activists-pursue-end-AIDS,AIDSVu,1,2012-01-09 07:38:35,0,/r/HIV/comments/o9d85/middle_tn_doctors_researchers_activists_pursue/,NaN,
odwx7,Feds boost HIV/AIDS prevention funding for Chicago,http://news.medill.northwestern.edu/chicago/news.aspx?id=198270,AIDSVu,1,2012-01-12 06:24:16,0,/r/HIV/comments/odwx7/feds_boost_hivaids_prevention_funding_for_chicago/,NaN,
odxlv,AIDS Drug Assistance Program waiting list likely to grow again through 2012 | Florida Independent,http://floridaindependent.com/63878/adap-waiting-list-likely-to-grow,AIDSVu,1,2012-01-12 06:45:37,0,/r/HIV/comments/odxlv/aids_drug_assistance_program_waiting_list_likely/,NaN,
okvlp,"California: Mayor, Supervisors Seek AIDS Funds",http://www.thebody.com/content/65408/california-mayor-supervisors-seek-aids-funds.html,AIDSVu,1,2012-01-17 06:58:06,0,/r/HIV/comments/okvlp/california_mayor_supervisors_seek_aids_funds/,NaN,
ondix,Chicago nets $8.1M in federal money to fight AIDS/HIV,http://www.austinweeklynews.com/main.asp?SectionID=1&amp;SubSectionID=1&amp;ArticleID=3570,AIDSVu,1,2012-01-19 07:52:10,0,/r/HIV/comments/ondix/chicago_nets_81m_in_federal_money_to_fight_aidshiv/,NaN,
oounb,Report: Americans curbing behaviors that lead to AIDS  - Washington Times,http://www.washingtontimes.com/news/2012/jan/19/survey-decline-activities-leading-hiv-aids/,AIDSVu,1,2012-01-20 06:30:55,0,/r/HIV/comments/oounb/report_americans_curbing_behaviors_that_lead_to/,NaN,
ot01t,Reducing the impact of HIV/AIDS in Black communities,http://www.amsterdamnews.com/health_care/reducing-the-impact-of-hiv-aids-in-black-communities/article_493c50c2-4229-11e1-9877-0019bb2963f4.html,AIDSVu,1,2012-01-23 08:24:47,0,/r/HIV/comments/ot01t/reducing_the_impact_of_hivaids_in_black/,NaN,
ow3bs,Betwixt and Between: Middle-Class Women Living with HIV/AIDS - Off the Grid - January 2012,http://www.chicagomag.com/Chicago-Magazine/Off-the-Grid/January-2012/Betwixt-and-Between-Middle-Class-Women-Living-with-HIV-AIDS/,AIDSVu,1,2012-01-25 07:01:13,0,/r/HIV/comments/ow3bs/betwixt_and_between_middleclass_women_living_with/,NaN,
oxlvc,"Black AIDS Day – February 7, 2012 Changing the Course of HIV/AIDS in Black America",http://www.blackprwire.com/press-releases/3424-bprw_black_aids_day__february_7_2012_changing_the_course_of_hivaids_in_black_america,AIDSVu,1,2012-01-26 06:49:36,0,/r/HIV/comments/oxlvc/black_aids_day_february_7_2012_changing_the/,NaN,
oz5y1,OT Downtown: The New Face of HIV/AIDS,http://www.nypress.com/blog-9963-ot-downtown-the-new-face-of-hiv_aids.html,AIDSVu,2,2012-01-27 07:01:15,0,/r/HIV/comments/oz5y1/ot_downtown_the_new_face_of_hivaids/,NaN,
p0s3c,HIV/AIDS: Answering Questions,http://forum-network.org/lecture/hivaids-answering-questions,sharonkatner,3,2012-01-28 11:43:08,0,/r/HIV/comments/p0s3c/hivaids_answering_questions/,NaN,
p31hl,Florida’s AIDS Drug Assistance Program waiting list continues to grow | Florida Independent,http://floridaindependent.com/66630/adap-waiting-list-growing,AIDSVu,1,2012-01-30 07:03:18,0,/r/HIV/comments/p31hl/floridas_aids_drug_assistance_program_waiting/,NaN,
p9dxy,HIV/AIDS prevention in Chicago brings testing to drugstores and barber shops,http://news.medill.northwestern.edu/chicago/news.aspx?id=199796,AIDSVu,1,2012-02-03 08:22:51,0,/r/HIV/comments/p9dxy/hivaids_prevention_in_chicago_brings_testing_to/,NaN,
pd7gy,Chicago health department marks National Black HIV/AIDS Awareness Day | The Republic,http://www.therepublic.com/view/story/5bbf7a48a26246cfa439989b8c83157a/IL--Black-HIVAIDS-Awareness-Day/,AIDSVu,1,2012-02-06 06:59:25,0,/r/HIV/comments/pd7gy/chicago_health_department_marks_national_black/,NaN,
pd8eh,A Quarter Century of Jersey Shore HIV/AIDS Response,http://tomsriver.patch.com/articles/a-quarter-century-of-jersey-shore-hiv-aids-response-c577853f,AIDSVu,1,2012-02-06 07:26:06,0,/r/HIV/comments/pd8eh/a_quarter_century_of_jersey_shore_hivaids_response/,NaN,
pgd1w,Illustrating the HIV/AIDS Epidemic in Black America,http://aidsvu.org/images/hiv-aids-black-america.pdf,AIDSVu,1,2012-02-08 08:06:01,0,/r/HIV/comments/pgd1w/illustrating_the_hivaids_epidemic_in_black_america/,NaN,
phtv7,AIDS Drug Assistance Program soon to make HIV medications easier to get,http://www.windycitymediagroup.com/lgbt/AIDS-Drug-Assistance-Program-soon-to-make-HIV-medications-easier-to-get/36088.html,AIDSVu,1,2012-02-09 07:16:36,0,/r/HIV/comments/phtv7/aids_drug_assistance_program_soon_to_make_hiv/,NaN,
phz85,National Black HIV/AIDS Awareness Day puts focus on new treatment models | The American Independent,http://www.americanindependent.com/211252/national-black-hivaids-awareness-day-puts-focus-on-new-treatment-models,AIDSVu,1,2012-02-09 09:10:59,0,/r/HIV/comments/phz85/national_black_hivaids_awareness_day_puts_focus/,NaN,
pni27,AIDS Awareness Day Finds City's Focus on AIDS 2012,http://washingtoninformer.com/index.php/health-a-wellness/item/5831-aids-awareness-day-finds-citys-focus-on-aids-2012,AIDSVu,1,2012-02-13 06:54:26,0,/r/HIV/comments/pni27/aids_awareness_day_finds_citys_focus_on_aids_2012/,NaN,
pnj38,AIDS educator fights stigma among women | The Tennessean | tennessean.com,http://www.tennessean.com/article/20120210/DAVIDSON/302100037/AIDS-educator-fights-stigma-among-women?odyssey=tab|topnews|text|Davidson,AIDSVu,1,2012-02-13 07:21:49,0,/r/HIV/comments/pnj38/aids_educator_fights_stigma_among_women_the/,NaN,
pnlzi,Largest AIDS quilt display in years opens Sunday in San Francisco - San Jose Mercury News,http://www.mercurynews.com/breaking-news/ci_19940327,AIDSVu,1,2012-02-13 08:33:38,0,/r/HIV/comments/pnlzi/largest_aids_quilt_display_in_years_opens_sunday/,NaN,
pp5dk,"Congressman, patient advocates concerned about future of AIDS Drug Assistance Program | Florida Independent",http://floridaindependent.com/68993/alcee-hastings-michael-rajner-adap-waiting-list,AIDSVu,1,2012-02-14 07:10:03,0,/r/HIV/comments/pp5dk/congressman_patient_advocates_concerned_about/,NaN,
pzc7h,Scott’s office says governor hoping to operate AIDS Drug Assistance Program ‘more efficiently’ | Florida Independent,http://floridaindependent.com/69343/rick-scott-adap,AIDSVu,1,2012-02-21 06:39:23,0,/r/HIV/comments/pzc7h/scotts_office_says_governor_hoping_to_operate/,NaN,
pzcq0,HIV/AIDS clinic getting $3 million | The Augusta Chronicle,http://chronicle.augusta.com/news/health/2012-02-20/hivaids-clinic-getting-3-million?v=1329784830,AIDSVu,1,2012-02-21 06:54:08,0,/r/HIV/comments/pzcq0/hivaids_clinic_getting_3_million_the_augusta/,NaN,
q2i03,African Americans and the National HIV/AIDS Strategy | blog.aids.gov,http://blog.aids.gov/2012/02/african-americans-and-the-national-hivaids-strategy.html,AIDSVu,1,2012-02-23 06:23:34,0,/r/HIV/comments/q2i03/african_americans_and_the_national_hivaids/,NaN,
q854q,Florida’s AIDS drug program has the longest waiting list in the U.S. | Florida Independent,http://floridaindependent.com/70789/floridas-aids-drug-program-has-the-longest-waiting-list-in-the-u-s,AIDSVu,1,2012-02-27 06:59:42,0,/r/HIV/comments/q854q/floridas_aids_drug_program_has_the_longest/,NaN,
q85hk,CDC tries to raise AIDS awareness during Black History Month,http://www.amsterdamnews.com/news/local/cdc-tries-to-raise-aids-awareness-during-black-history-month/article_da320646-5f00-11e1-b3a1-0019bb2963f4.html,AIDSVu,1,2012-02-27 07:09:50,0,/r/HIV/comments/q85hk/cdc_tries_to_raise_aids_awareness_during_black/,NaN,
qlquv,"Ahead of National Women and Girls HIV/AIDS Awareness Day, a call for more research | Florida Independent",http://floridaindependent.com/72124/ahead-of-national-women-and-girls-hivaids-awareness-day-a-call-for-more-research,AIDSVu,1,2012-03-07 06:31:36,0,/r/HIV/comments/qlquv/ahead_of_national_women_and_girls_hivaids/,NaN,
qxrx2,President Obama Announces Grant Colfax as New Director of the Office of National AIDS Policy | The White House,http://www.whitehouse.gov/the-press-office/2012/03/14/president-obama-announces-grant-colfax-new-director-office-national-aids,AIDSVu,1,2012-03-15 07:05:30,0,/r/HIV/comments/qxrx2/president_obama_announces_grant_colfax_as_new/,NaN,
qxs9h,"AIDS report shows Baton Rouge, New Orleans in top five | 						NOLA.com",http://www.nola.com/health/index.ssf/2012/03/aids_report_shows_baton_rouge.html,AIDSVu,1,2012-03-15 07:15:34,0,/r/HIV/comments/qxs9h/aids_report_shows_baton_rouge_new_orleans_in_top/,NaN,
r3f6e,AIDS campaign urges black women to 'take charge' of their health,http://articles.sun-sentinel.com/2012-03-18/news/fl-black-women-aids-broward-20120316_1_black-women-latina-counterparts-aids-prevention,AIDSVu,1,2012-03-19 06:38:51,0,/r/HIV/comments/r3f6e/aids_campaign_urges_black_women_to_take_charge_of/,NaN,
r8bk3,"Preparing President Obama for the International AIDS Conference, July 2012",http://www.huffingtonpost.com/david-holtgrave/aids-conference_b_1365763.html,AIDSVu,1,2012-03-22 06:25:36,0,/r/HIV/comments/r8bk3/preparing_president_obama_for_the_international/,NaN,
reknl,AIDS Education and Prevention are Vital,http://www.nola.com/opinions/index.ssf/2012/03/aids_education_and_prevention.html#cmpid=v2mode_be_smoref_reddit,DavidM4239,1,2012-03-26 11:52:15,0,/r/HIV/comments/reknl/aids_education_and_prevention_are_vital/,NaN,
x1yrs,HHS Secretary Announces New HIV/AIDS Initiatives for Patients and Clinicians,http://newsatjama.jama.com/2012/07/23/hhs-secretary-announces-new-hivaids-initiatives-for-patients-and-clinicians/,jpsteph,1,2012-07-23 20:29:26,0,/r/HIV/comments/x1yrs/hhs_secretary_announces_new_hivaids_initiatives/,NaN,
x45sm,The Banyan Tree Project in San Francisco uses storytelling to breakdown stigma surround HIV/AIDS in the Asian and Pacific Islander community. Bus 52 Presents: The Banyan Tree Project - YouTube,http://youtu.be/cvKBUbQgY_w,arosechin,1,2012-07-24 21:35:11,0,/r/HIV/comments/x45sm/the_banyan_tree_project_in_san_francisco_uses/,NaN,
xfcj9,Watch Speeches from the 2012 International AIDS Conference ,http://globalhealth.kff.org/AIDS2012.aspx#July22,texaspsychosis,3,2012-07-30 19:06:58,0,/r/HIV/comments/xfcj9/watch_speeches_from_the_2012_international_aids/,NaN,
xrm4e,No One Should Die From AIDS,http://www.theatlantic.com/health/archive/2012/08/no-one-should-die-from-aids/260709/,kateweb,2,2012-08-06 07:38:43,0,/r/HIV/comments/xrm4e/no_one_should_die_from_aids/,NaN,
xrmt4,Malawi launches Aids test drive,http://www.iol.co.za/news/africa/malawi-launches-aids-test-drive-1.1357358,kateweb,2,2012-08-06 07:51:13,0,/r/HIV/comments/xrmt4/malawi_launches_aids_test_drive/,NaN,
xrxpx,Research on Gay Men and Transgender People You WON'T See at AIDS 2012,http://www.sacbee.com/2012/07/26/4662294/research-on-gay-men-and-transgender.html,kateweb,2,2012-08-06 10:48:35,0,/r/HIV/comments/xrxpx/research_on_gay_men_and_transgender_people_you/,NaN,
xtakg,Help Children Suffering With HIV and AIDS,http://www.facebook.com/ChildrenWithHivaids,[deleted],0,2012-08-07 00:30:41,0,/r/HIV/comments/xtakg/help_children_suffering_with_hiv_and_aids/,NaN,
xu935,Safe sex? Indonesia's conservatives would rather 'sinners' and sex-workers got Aids,http://www.independent.co.uk/news/world/asia/safe-sex-indonesias-conservatives-would-rather-sinners-and-sexworkers-got-aids-8010008.html,kateweb,2,2012-08-07 12:57:18,0,/r/HIV/comments/xu935/safe_sex_indonesias_conservatives_would_rather/,NaN,
xzs8o,AIDS pill recommended for some heterosexuals,http://www.telegram.com/article/20120810/NEWS/108109453/1052,kateweb,3,2012-08-10 05:45:50,0,/r/HIV/comments/xzs8o/aids_pill_recommended_for_some_heterosexuals/,NaN,
z40h2,Brazil expands its anti-AIDS program,http://www.businessweek.com/ap/2012-08-30/brazil-expands-its-anti-aids-program,kateweb,1,2012-08-30 18:32:13,0,/r/HIV/comments/z40h2/brazil_expands_its_antiaids_program/,NaN,
ox25v5,Charity Stream to support Elton Johns AIDS Foundation,https://www.reddit.com/r/HIV/comments/ox25v5/charity_stream_to_support_elton_johns_aids/,SugarFetish,1,2021-08-03 05:11:40,0,/r/HIV/comments/ox25v5/charity_stream_to_support_elton_johns_aids/,NaN,A close friend of mine is doing a charity stream on Twitch tonight to raise money and awareness for Elton Johns AIDS Foundation. It starts a 6pm (British time) and goes on for 12 hours. I would love it if people could show up to support him. It's something very close to him and he really cares about it. https://www.twitch.tv/wolfstargaymer
p2ytx0,The Forgotten Pandemic: AIDS,https://youtu.be/D9E262qTkPM,thefaywharshow,1,2021-08-12 05:28:57,0,/r/HIV/comments/p2ytx0/the_forgotten_pandemic_aids/,NaN,
p2z899,The Forgotten Pandemic Aids,https://www.reddit.com/r/HIV/comments/p2z899/the_forgotten_pandemic_aids/,thefaywharshow,1,2021-08-12 05:53:32,0,/r/HIV/comments/p2z899/the_forgotten_pandemic_aids/,NaN,[removed]
p8fe6a,Hiv/aids from sex toy,https://www.reddit.com/r/HIV/comments/p8fe6a/hivaids_from_sex_toy/,Jdude32494,1,2021-08-20 15:24:11,0,/r/HIV/comments/p8fe6a/hivaids_from_sex_toy/,NaN,
p8ff07,Hiv from sex toy? I had unprotected anal sex with a dominatrix who used a dirty dildo on me. I had no condom use and am convinced I have super aids but I had been testing negative . Can I get hiv from a dildo?,https://www.reddit.com/r/HIV/comments/p8ff07/hiv_from_sex_toy_i_had_unprotected_anal_sex_with/,Jdude32494,0,2021-08-20 15:25:35,5,/r/HIV/comments/p8ff07/hiv_from_sex_toy_i_had_unprotected_anal_sex_with/,NaN,
pcedjc,Biktarvy and other arvs efficiency preventing AIDS,https://www.reddit.com/r/HIV/comments/pcedjc/biktarvy_and_other_arvs_efficiency_preventing_aids/,Helpful_Purchase5691,1,2021-08-26 19:37:44,2,/r/HIV/comments/pcedjc/biktarvy_and_other_arvs_efficiency_preventing_aids/,NaN,I have wondered if the antiretrovirals prevent HIV from becoming AIDS?
