Post ID,Title,Url,Author,Score,Publish Date,Total No. of Comments,Permalink,Flair,body
2spwkb,"(x-post /lgbt) Sexual health help! My homosexual friend is under the impression that if he's doing the penetrating, without a condom, he is not at risk from HIV/AIDS",http://www.reddit.com/r/askgaybros/comments/2spwkb/xpost_lgbt_sexual_health_help_my_homosexual/,Kinosfronimos,17,2015-01-17 00:32:59,9,/r/askgaybros/comments/2spwkb/xpost_lgbt_sexual_health_help_my_homosexual/,NaN,"I'm reposting the below here again ([original](http://www.reddit.com/r/lgbt/comments/2soltm/sexual_health_help_my_homosexual_friend_is_under/)) that I may garner as many facts on this as I can to share with him, especially in terms of South African risk. So thanks again!


Please help me here, I think/know this is an utterly unsafe practice. However I cannot easily find a credible resource that states the risk of this particular practice explicitly. Most state the higher HIV risk in homosexual male sex broadly.

To clarify: he believes it is only if you are analy penetrated by an HIV+ man, that you are at risk. Whereas he himself as HIV-, is at no risk penetrating whomever anally. This is notwithstanding that South Africa has amongst the highest AIDS rates!

Any links explicitly addressing all the differing manners, in specific detail, that HIV can be transmitted in male homosexual sex is most appreciated. I am very thankful for this forum as a goto resource.
"
3d0yiw,Sexual Health in the Gay/Bisexual Community,http://www.reddit.com/r/askgaybros/comments/3d0yiw/sexual_health_in_the_gaybisexual_community/,zgamer89,12,2015-07-12 09:40:19,10,/r/askgaybros/comments/3d0yiw/sexual_health_in_the_gaybisexual_community/,NaN,"My sexual has been limited to a single jerk off and hand job session where condoms were used.  I was told that I am naïve regarding sexual health by a potential sexually partner, and was told to just go to a bath house and have random sex.  I generally prefer to get tested and discuss likes, dislikes and limits if I enter a new relationship or friend with benefits situation, but would be willing to forgo testing as long as condoms were used.  Also, condoms do make hand jobs and blow jobs less fun, but I prefer to be safe and use one if a friend with benefits or random hookup has not been tested or just got out of a relationship.  Is my point of view wrong? Also, what are your views on std/sti testing and condom use?  "
3gsh4p,Change My View: I believe that open relationship are not ideal and put the couple's emotional and sexual health. Can you CMV?,http://www.reddit.com/r/askgaybros/comments/3gsh4p/change_my_view_i_believe_that_open_relationship/,[deleted],0,2015-08-12 17:30:04,29,/r/askgaybros/comments/3gsh4p/change_my_view_i_believe_that_open_relationship/,NaN,
3lx3kk,sexual health question,https://www.reddit.com/r/askgaybros/comments/3lx3kk/sexual_health_question/,Daydreamer007,4,2015-09-22 03:04:03,6,/r/askgaybros/comments/3lx3kk/sexual_health_question/,NaN,"Hi bros,
So I'm not sure if this is the right place to post but I needed some advice. Hope this isn't too weird.
I've recently just gotten out of a year long relationship with my bf. We lived together and things were great but due to circumstances beyond our control it didn't end up working out.
Anyway, I've never been one for hook ups and he's the only person I've slept with in more than a year. He has had alott of partners before me and I recently found out that he may have had a once off hookup with somebody else while we were together... Sad day, but life goes on. I'm super paranoid about STDs so go for regular check ups and have always been clear. In the past month I noticed a slight raised bump at the base of the shaft of my penis - something that could totally be a normal skin defect that I have never noticed or it could be something more. It doesn't hurt and isn't red or anything.
I know HPV doesn't show up in regular tests and I haven't been vaccinated so it could be a possibility.
I don't know if I should give it a couple weeks to see if anything else develops /if it goes away, or if I should go see a doctor.
Any of you guys had similar issues / can give me insights into HPV.
Thanks!
TL/DR: STD checks came up clear but recently noticed a little bump at the base of my penis. Should I be concerned?"
4aveqt,Supplements for sexual health - low libido,https://www.reddit.com/r/askgaybros/comments/4aveqt/supplements_for_sexual_health_low_libido/,[deleted],6,2016-03-17 15:10:55,7,/r/askgaybros/comments/4aveqt/supplements_for_sexual_health_low_libido/,NaN,[deleted]
4rlm88,Sexual health nurse overstepped her boundaries or am I just overreacting?,https://www.reddit.com/r/askgaybros/comments/4rlm88/sexual_health_nurse_overstepped_her_boundaries_or/,hfhfhdjd,0,2016-07-06 17:11:12,57,/r/askgaybros/comments/4rlm88/sexual_health_nurse_overstepped_her_boundaries_or/,NaN,"Closeted, self hating, repressed homo. Turn away now if you don't care what I have to say having disclosed that.

I gave in to the homosexual temptations and hooked up with this guy. We has sex maybe five times over the next three weeks. 9 months later I work up the courage to go to a gay sexual health clinic because of STD paranoia.

So I'm so nervous that I'm literally shaking and basically covering my head with my hands in shame. I get called in to speak with the nurse and she pretty quickly notices how uncomfortable I was.

She asks me to tell her what sexual acts I had done, to which I kinda froze and she told me that it's a judgement free zone or whatever. After covering my face with embarassment I told her anal/oral sex and she asked me if I was being penetrated or the opposite to which I said I was the one being penetrated.

It was at this point where she asked me if I enjoyed it. She told me to be honest with her and straight up say it. After that she asked me if I'd do it again and when I said I'd never have gay sex again she told me that she hoped I would. 

What the fuck?

Is this not crossing a line? What does that have to do with testing?

She then made me say I had ""recepetive anal sex with another man"" before telling me that there's nothing wrong with that. This was while knowing how uncomfortable I already was.

Then the bloods were taken etc. and as I was leaving she told me that she hopes I become sexually active again.

I don't understand why or if this is even ethical. Can I report her? How? Should I? Please give me some advice.

"
52t4z2,"Curious who has talked to their folks about sexual health (HIV, PrEP, etc)?",https://www.reddit.com/r/askgaybros/comments/52t4z2/curious_who_has_talked_to_their_folks_about/,jj-jj,7,2016-09-14 15:31:02,14,/r/askgaybros/comments/52t4z2/curious_who_has_talked_to_their_folks_about/,NaN,"I recently had an interesting conversation with my mother about sexual health. She is very religious so it was kind of difficult, but in the end it was really constructive. I'm curious about other people's stories. "
57p7yr,"Teen, need sexual health advice...please",https://www.reddit.com/r/askgaybros/comments/57p7yr/teen_need_sexual_health_adviceplease/,[deleted],1,2016-10-15 18:21:28,29,/r/askgaybros/comments/57p7yr/teen_need_sexual_health_adviceplease/,NaN,[deleted]
5i9psy,Sexual Health provision in America and elsewhere,https://www.reddit.com/r/askgaybros/comments/5i9psy/sexual_health_provision_in_america_and_elsewhere/,OldManDubya,5,2016-12-14 01:33:58,10,/r/askgaybros/comments/5i9psy/sexual_health_provision_in_america_and_elsewhere/,NaN,"A random question but one that suddenly popped into my head.

I live in London, and like any big city its a cesspool of casual sex in disease - and I regularly dip my toe into said cesspool. However I am lucky that the city also has excellent sexual health provision for gay men. As a result I get a full sexual health screen once every two to three months, get immediate and effective treatment when either I've got an STD or someone I've been in contact with says they have one. 

In fact the last time I went it was because someone  I had slept with said that someone he had slept with had got syphilis - technically the protocol if its not contact with someone who *definitely* has it is testing rather than precautionary treatment, but the doctor I saw agreed that waiting 1-3 months to see if it showed on testing or I had symptoms was unrealistic if it meant no sex at all (glad I didn't get a judgemental one!) so just treated me anyway.

And all of it has been free - even the prescriptions (not sure why, usually there is a flat charge for these). It kind of still blows my mind.

I feel a little guilty that I use the NHS so frequently to support my own lifestyle choices, though on the other hand I have a good job and pay a fair bit of tax. And these are not exactly expensive tests and treatments.

But this got me thinking - what is public provision for this sort of thing like in America (and elsewhere)? Are there any free clinics? If you have to go via insurance are most sexual health tests and treatments covered? If you are young and on your parents' plans, do they find out what you have claimed for?"
5z18ee,Sexual Health Question,https://www.reddit.com/r/askgaybros/comments/5z18ee/sexual_health_question/,thc132456,2,2017-03-12 14:56:46,11,/r/askgaybros/comments/5z18ee/sexual_health_question/,NaN,"It has probably been posted here before, but how often should you get tested if you are not monogamous? How often do you get tested for STDs personally?"
62fj1c,How important is sexual experience/how to address mental health?,https://www.reddit.com/r/askgaybros/comments/62fj1c/how_important_is_sexual_experiencehow_to_address/,morinothomas,5,2017-03-30 10:45:08,3,/r/askgaybros/comments/62fj1c/how_important_is_sexual_experiencehow_to_address/,NaN,"I have some experience, but going on 24 as still a virgin, I don't make much effort nor have a desire for hookups, yet believe I should sleep around because I'm young. My virginity and lack of experience doesn't bother me as much nowadays, but only because I recently stop perceiving myself as ""worth it"" or attractive while focusing on a new major and other matters. After a recent academic setback, I reinforced the mentality that I wasn't good enough for anyone until I have my life together. There's also a guy I'm interested in, but I stopped myself because I know how obsessive I can be, and presumed he wouldn't find me attractive anyway. I also didn't want to deal with vulnerability and having to present myself as ""acceptable"" when I'd be lying to myself.

As of a month now, I haven't reached out to my therapist about my depression and considering just dealing with things on my own. Things eventually develops into rage and excessive faultfinding towards everything and it's been damaging my friendships, so I take a moment to isolate myself from people and social media. Most days I don't have much energy and I don't slerp much (about 3-6 hours), and some days I feel like disappearing or ""quitting"". I'm not too sure how to address these issues yet I don't want to reach out to anyone. "
686sgb,Became sexually active recently. Tips to keep my sexual health on check?,https://www.reddit.com/r/askgaybros/comments/686sgb/became_sexually_active_recently_tips_to_keep_my/,txnxax,25,2017-04-28 18:28:00,15,/r/askgaybros/comments/686sgb/became_sexually_active_recently_tips_to_keep_my/,NaN,"So like the title says, I recently became sexually active. I have a doctors appointment 2 weeks from now and I would like to know if there is anything I should discuss with him regarding my sexual health. 

I thought about getting tested for the first time. Asking for the HPV vaccine and ask him if I could take Prep since it is subsidized by my government and I would not have to pay 1000$ a month for it.

 Anything else I should know to make sure I keep my sexual health on check? Other vaccines I should get? Precautions I should take (Outside of condom use which I am aware is important)? Anything that I might not be aware of that could help me and my partners stay healthy? 

Thank you all. "
6aplvb,What do I have to do to be ready to rim/eat ass in terms of sexual health?,https://www.reddit.com/r/askgaybros/comments/6aplvb/what_do_i_have_to_do_to_be_ready_to_rimeat_ass_in/,Thranrond,4,2017-05-11 23:03:42,6,/r/askgaybros/comments/6aplvb/what_do_i_have_to_do_to_be_ready_to_rimeat_ass_in/,NaN,"I've never had sex before- kissed one guy, gave each other handjobs and he (barely) blew me

Are there any shots or injection I have to have to be as safe as possible to rim someone? What are things I should/shouldn't do before? For example, I know you shouldn't brush your teeth before giving head. Are there similar things for rimming?

What about being rimmed? 
"
6nbqht,SEXUAL HEALTH PSA: TESTING IS NOT SAFETY AND A RECENT NEGATIVE RESULT DOES MEAN IT'S SAFE TO BAREBACK,https://www.reddit.com/r/askgaybros/comments/6nbqht/sexual_health_psa_testing_is_not_safety_and_a/,50M3K00K,93,2017-07-14 13:39:36,48,/r/askgaybros/comments/6nbqht/sexual_health_psa_testing_is_not_safety_and_a/,NaN,"GUYS. SERIOUSLY. THAT SERIFY SHIT IS FUCKING STUPID.

**""YOU'RE NEG, RIGHT?"" IS NOT A SAFER SEX STRATEGY.**

YOU CAN BE INFECTED WITH HIV AND TEST NEGATIVE BECAUSE THE [HIV TESTING WINDOW](https://smartsexresource.com/health-providers/hiv-tools) EXISTS. LEARN ABOUT IT.

YOU DON'T KNOW WHERE PEOPLE HAVE BEEN SINCE THEIR LAST TEST. DUDE COULD HAVE GOTTEN TESTED THURSDAY MORNING AND SPENT FRIDAY NIGHT SMOKING METH AND GETTING RAWDOGGED BY 25 RANDOS AT THE BATHHOUSE. AND LET'S NOT FORGET: [RECENTLY INFECTED PEOPLE WHO DON'T KNOW THEY'RE POSITIVE ARE THE MOST RISKY PARTNERS.](http://www.catie.ca/en/pif/fall-2011/recently-infected-individuals-priority-hiv-prevention)

SHARING TEST RESULTS IS GREAT, BUT YOU STILL NEED TO USE CONDOMS TO PROTECT YOURSELF FROM HIV AND OTHER STIS. MOST PEOPLE DON'T USE THEM FOR ORAL, BUT IF YOU'RE BOTTOMING FOR STRANGERS YOU NEED TO MAKE SURE EVERY DICK THAT GOES UP YOUR ASS IS WRAPPED. 

IF YOU AREN'T PERFECT WITH CONDOMS--*AND THERE'S NO SHAME IN ADMITTING THAT*--CONSIDER GETTING ON PREP TO PROTECT YOURSELF FROM HIV.

RESPECT YOURSELVES, BOYS. TAKE CARE OF YOUR SEXUAL HEALTH, BECAUSE NOBODY ELSE IS GONNA DO IT FOR YOU.

&lt;3

50M3K00K"
71cq01,Sexual Health,https://www.reddit.com/r/askgaybros/comments/71cq01/sexual_health/,astroroxy,0,2017-09-20 10:36:56,4,/r/askgaybros/comments/71cq01/sexual_health/,NaN,"Hey bros,
What STI/STDs should I get tested for?
Also other then HPV what should I get vaccines for?"
87ycux,There's a straight guy in the UK who has super gonorrhoea and straights can stop judging gays on sexual health,https://www.reddit.com/r/askgaybros/comments/87ycux/theres_a_straight_guy_in_the_uk_who_has_super/,ZviHM,0,2018-03-28 21:06:23,5,/r/askgaybros/comments/87ycux/theres_a_straight_guy_in_the_uk_who_has_super/,NaN,"Go home straights. You people now have super gonorrhoea. You were all born through barebacking, and a good amount of the time it was just because you were horny and wanted some raw D. So you can all quit judging gays for trying to take responsibility for sexual health. And by the way boys, act carefully around the straights. You don't know where they've been and I heard some even have incurable STIs. "
89urv2,New Zealand Gay Sexual Health Site,https://www.reddit.com/r/askgaybros/comments/89urv2/new_zealand_gay_sexual_health_site/,Iamthewallruss,1,2018-04-04 16:36:51,4,/r/askgaybros/comments/89urv2/new_zealand_gay_sexual_health_site/,NaN,"Hi,

I remember seeing a link ages ago for a website created by the New Zealand gay community that focused on gay sexual health with instructional videos on how to prep, how to have sex, and things like that, but I can't find it anymore.
Anyone remember this?"
8vwmg6,Question about colonoscopies and sexual health.,https://www.reddit.com/r/askgaybros/comments/8vwmg6/question_about_colonoscopies_and_sexual_health/,Master_Keroppi,2,2018-07-03 15:50:59,19,/r/askgaybros/comments/8vwmg6/question_about_colonoscopies_and_sexual_health/,NaN,"I’m 23 y/o, and my father was diagnosed with colon cancer at about 63. He’s dead now (would have been 71 now), so I can’t ask him, but what is a good time for guys like me to get a colonoscopy done? I’m gay and bottom occasionally. "
8wy6ty,"Mental health and sexual orientation , comments, experience, questions are welcome",https://www.reddit.com/r/askgaybros/comments/8wy6ty/mental_health_and_sexual_orientation_comments/,throwaway2018july7th,1,2018-07-07 18:49:15,0,/r/askgaybros/comments/8wy6ty/mental_health_and_sexual_orientation_comments/,NaN,"Hello everyone. I have been struggling with depression for about 8 years now, as a kid I believe I had phases where I was unreasonably melancholic for a kid. Ive used anti depressants, anti psychotics etc, multiple psychiatrists and psychologists. Recently I came back from a failed attempt at a master’s degree in a EU country( Im not from EU or America). I got so unhappy to a degree that i feel like im at the end of my rope-figurally and literally. Im the only kid of my parents, grew up shy and isolated, ive had my first sexual relationship with a prostitute lady at age 20. Im now 25. Ive had a girlfriend whom I love for three years as of now. As i mentioned I am at the end of my rope and would not like to continue living like this if i dont find the reason behind my depression and change it. Im not even emotional about it or something, life simply isnt worth it, the negatives outshine the positives by a huge margin. But i recently realized that I am suppressing the hell out of some parts of my sexuality. I start to believe I used studying and nerdery as a ruse so as not to even think about sex in general. As a kid with my friend we used to touch each other’s penises. Until high school i used to have ‘minor’ crushes for my male friends. Never had any sexual interaction with a man so far. I used to watch shemale porn. Im saying these so someone might recognize a pattern or something i dont know. Really interesting thing is, phenomena that I’ve seen as morbid anomalies proving that I am cripplingly depressed/ autistic/ cue more diagnoses here, might as well be outcomes. I always was shy, and one complaint of mine was that ‘Im not good with women’ so to speak. Im not good at flirting, hook ups, etc. And I start to think that, what if its not that I can’t but rather I don’t want? I surely get aroused by women and have a nice sex life with my gf. But I believe I would have intercourse with a feminine-y male. It’s just that all my life Ive never looked into my sexual orientation to see what I enjoy and this is new to me. I’m just scared thats all. The thing that prompted all this is an inquiry: itself prompted by the extreme state my depression has taken itself to. Any and all input is welcome at this point. Thank you for reading through this huge chunk of text."
97tbfx,Help Columbia University (NYC) test a Sexual Health app for young guys(13-18)!,https://www.reddit.com/r/askgaybros/comments/97tbfx/help_columbia_university_nyc_test_a_sexual_health/,mypeepsstudy,1,2018-08-16 08:34:51,7,/r/askgaybros/comments/97tbfx/help_columbia_university_nyc_test_a_sexual_health/,NaN,"Hi All!

We are a team at [Columbia University School of Nursing](http://nursing.columbia.edu/), and other institutions across the U.S., working on a technology-based research study called [***MyPEEPS Mobile Study***](https://redcap.sac-cu.org/surveys/index.php?s=K3RJACWLYM)\*\*\*.\*\*\* We invited young guys to help us develop a sexual health/HIV prevention app, which is super relevant and important. Now, we need your help to test the app -- participants can earn up to $275!

**About MyPEEPS Mobile Study**

The [***MyPEEPS Mobile Study***](https://redcap.sac-cu.org/surveys/index.php?s=K3RJACWLYM) at Columbia University is looking for *young guys who are into other guys, ages 13 -18*, to help us test a mobile HIV prevention app.

* Eligible individuals will complete surveys and be given the app to use.
* Participants will be compensated for their time (up to $275).
* MyPEEPS Mobile is a nation-wide research study at Birmingham (Alabama), Chicago (Illinois), New York City (Columbia University), and Seattle (Washington).

**Interested?**

* Find out if you're eligible by visiting our [screener](https://redcap.sac-cu.org/surveys/index.php?s=K3RJACWLYM) OR
* Give us a ring at **212-305-8198** to see if you might be a good fit

**Questions?**

* Shoot us an email [mypeeps@cumc.columbia.edu](mailto:mypeeps@cumc.columbia.edu) OR
* Visit our [website](https://www.mypeepsmobile.org/) for more information about the study

*Approved by the Columbia University IRB (PI: R. Schnall, # IRB-AAAQ6500).*

Partner institutions include: Columbia University, Ann and Robert H. Lurie Children’s Hospital of Chicago, University of Washington, and University of Alabama at Birmingham."
9d7oe1,Help us test an HIV prevention/sexual health app for young guys!,https://www.reddit.com/r/askgaybros/comments/9d7oe1/help_us_test_an_hiv_preventionsexual_health_app/,mypeepsstudy,13,2018-09-05 08:36:01,2,/r/askgaybros/comments/9d7oe1/help_us_test_an_hiv_preventionsexual_health_app/,NaN,"**MyPEEPS Mobile Project at Columbia University** is looking for guys who are into other guys, ages 13 - 18, to help us test a mobile HIV prevention app. Eligible individuals will complete surveys and use the app. Participants will be compensated for their time (up to $275).

MyPEEPS Mobile is a nation-wide research study at Birmingham (Alabama), Chicago (Illinois), New York City, and Seattle (Washington).

To find out **if you are eligible:**

* Visit our website: [https://www.mypeepsmobile.org/](https://www.mypeepsmobile.org/) and click ""[See if I'm Eligible](https://redcap.sac-cu.org/surveys/?s=K3RJACWLYM)**""**
* **OR** click on this direct link here: [Form](https://redcap.sac-cu.org/surveys/?s=K3RJACWLYM)
* **OR** call us at 212-305-8198 so that we can see if you might be a good fit for the project.

**More information** about the study can be found on our website: [https://www.mypeepsmobile.org/](https://www.mypeepsmobile.org/) in the **""**[About](https://www.mypeepsmobile.org/what-is-mypeeps/)"" section.

Other partner institutions include: Columbia University, University of Washington, and University of Alabama at Birmingham.

Approved by the Columbia University IRB (PI: R. Schnall, # IRB-AAAQ6500).

&amp;#x200B;"
9hv8tw,amazing app for sexual health!,https://www.reddit.com/r/askgaybros/comments/9hv8tw/amazing_app_for_sexual_health/,amilesm,0,2018-09-21 16:46:17,3,/r/askgaybros/comments/9hv8tw/amazing_app_for_sexual_health/,NaN,[removed]
9oonl9,I'm confused about gay sexual health,https://www.reddit.com/r/askgaybros/comments/9oonl9/im_confused_about_gay_sexual_health/,neuralpathways,1,2018-10-16 08:27:50,5,/r/askgaybros/comments/9oonl9/im_confused_about_gay_sexual_health/,NaN,I subscribed to this subreddit a few days ago and I've been hearing words and stuff to do with sexual health that I've never heared of before.  Stuff like douching and prep (a kind of medication maybe????).  I'm very confused and I haven't been able to get much information from Google.  Can someone please give me a crash course on gay sexual health so I can get a handle on it and have a reference point for further research?
a16pyi,Sexual health survey (18+),https://www.reddit.com/r/askgaybros/comments/a16pyi/sexual_health_survey_18/,onecurious1,1,2018-11-28 06:34:42,9,/r/askgaybros/comments/a16pyi/sexual_health_survey_18/,NaN,"Hello everyone.

I have put together a survey for my research methods class that takes 5-10 mins to complete. I would love it if you took the time to fill it out.

Thanks

[https://sfsu.co1.qualtrics.com/jfe/form/SV\_02gYVtR7bTmGFj7](https://sfsu.co1.qualtrics.com/jfe/form/SV_02gYVtR7bTmGFj7)"
a1i5zc,Sexual health survey (18+) Final reminder,https://www.reddit.com/r/askgaybros/comments/a1i5zc/sexual_health_survey_18_final_reminder/,onecurious1,1,2018-11-29 07:14:37,1,/r/askgaybros/comments/a1i5zc/sexual_health_survey_18_final_reminder/,NaN,"Thank-you to all of you who took the time to complete this survey

I will be keeping the survey open for the next few hours in the event you would like to complete the survey and you haven't already done so.

[https://sfsu.co1.qualtrics.com/jfe/form/SV\_02gYVtR7bTmGFj7](https://sfsu.co1.qualtrics.com/jfe/form/SV_02gYVtR7bTmGFj7)"
a6a37o,Am I being too reckless with my sexual health?,https://www.reddit.com/r/askgaybros/comments/a6a37o/am_i_being_too_reckless_with_my_sexual_health/,curriedcelery,1,2018-12-14 15:27:55,14,/r/askgaybros/comments/a6a37o/am_i_being_too_reckless_with_my_sexual_health/,NaN,"I’m strictly a top. I’m on PrEP. I also exclusively have sex without condoms because that’s the only way I can finish. Do I really have to worry about HIV? I mean, I understand I might still get the clap or chlamydia. But those don’t really concern me all that much since they are cureable. "
aaaqjx,Sexual health survey results,https://www.reddit.com/r/askgaybros/comments/aaaqjx/sexual_health_survey_results/,onecurious1,1,2018-12-28 06:27:36,6,/r/askgaybros/comments/aaaqjx/sexual_health_survey_results/,NaN,"Thank-you to everyone who took the time to fill out this survey. These are the results for some of the survey questions.

Sexual Health Study N=988

&amp;#x200B;

**Sex.** N Percent (%)

Male 610 66.2

Female. 240 26.0

Transgender 49 5.3

**Age**

18 - 29 515 52.1

30-39 259 26.2

40-49 106 10.7

50-59 36 3.6

60+ 19 1.9

**Education**

&lt; Bachelor’s degree 409 51.3

Bachelor’s degree 262 32.8

Graduate degree 127 15.9

**Knowledge of PrEP**

Yes 444 48.8

No 425 46.8

Unsure 40 4.4

**PrEP use**

Straight 72 20.7

Gay 204 85.4

Bisexual 137 52.3

Asexual 10 47.6

Pansexual 21 53.8

**Do you use PrEP?**

Yes 39 5.2

No 709 94.8

**Why don't you take PrEP?**

I didn't know about it 88 12.6

It is too expensive 25 3.6

I don't know 26 3.7

where to get it

I don't want to 26 3.7

take it regularly

Scared of the 14 2

side effects

I don't want to talk 14 2

to my doctor about it

I don’t need it 507 72.4

**Who is PrEP most useful for?**

Individuals with HIV 297 39.4

who have multiple partners

Gay men 213 28.2

I.V. drug users 115 15.3

Pregnant women 112 14.9

with HIV

Bisexual Men 8 1.1

Lesbian women 6 0.8

Bisexual women 3 0.4"
ae26aj,"Hook-up, sexual health, and body image research study!",https://www.reddit.com/r/askgaybros/comments/ae26aj/hookup_sexual_health_and_body_image_research_study/,grwinter,1,2019-01-08 18:33:08,0,/r/askgaybros/comments/ae26aj/hookup_sexual_health_and_body_image_research_study/,NaN,"If you have hooked-up with someone in the past month using a hook-up site or app, you may be eligible to participate! You must also be 18 or older and living in the US. We will randomly select 20 participants to receive a $20 Amazon gift card. Click the link to see if you are eligible!

[https://missouri.qualtrics.com/jfe/form/SV\_8j01ddkE1vUyuTH](https://missouri.qualtrics.com/jfe/form/SV_8j01ddkE1vUyuTH)"
agubnf,Doctors and Sexual Health,https://www.reddit.com/r/askgaybros/comments/agubnf/doctors_and_sexual_health/,SannyJ,1,2019-01-16 21:02:13,5,/r/askgaybros/comments/agubnf/doctors_and_sexual_health/,NaN,"Hey guys...So I'm in the process of trying to find a new primary care doctor (in NYC).  Part of my requirements will be having someone well versed and comfortable in discussing gay sexual health with their patients (As i am also considering starting Prep). 

Curious, Are you guys comfortable with your doctor to discuss things regarding your sexual health? Anybody have experience searching/looking for a doctor that's comfortable with these thing? How did you find him/her?  What are your experiences with discussing your sexual health with your doctor?"
ary3xm,Psychology Undergraduate LGBT Sexual Health Research on Pre-Exposure Prophylaxis (PrEP)!,https://www.reddit.com/r/askgaybros/comments/ary3xm/psychology_undergraduate_lgbt_sexual_health/,PsychologyUndergrad,11,2019-02-18 07:08:23,2,/r/askgaybros/comments/ary3xm/psychology_undergraduate_lgbt_sexual_health/,NaN,"Hey, stop scrolling and take a moment to contribute to science and help me pass my degree please!! I am looking for gay/bisexual men and transgender women who have sex with men (TWSM - Scientific term in research) aged between 18-25, to complete my research 🧠. It only takes half an hour 🕑 I would really appreciate participation, it's completely anonymous and a detailed information sheet is provided, you don't need to know anything about PrEP prior to taking part.

I really need participants ASAP so I can complete my dissertation, I would appreciate it so much!! ❤️🧡💛💚💙💜

Please share!!

If you wish to take part, follow the link below, please do not like/comment on this post as full anonymity is required as part of my ethics.

[https://uwe.eu.qualtrics.com/jfe/form/SV\_9Ah5qUSrSD8CggR](https://uwe.eu.qualtrics.com/jfe/form/SV_9Ah5qUSrSD8CggR)"
asctb6,Psychology Undergraduate LGBT Sexual Health Research on Pre-Exposure Prophylaxis (PrEP)!,https://www.reddit.com/r/askgaybros/comments/asctb6/psychology_undergraduate_lgbt_sexual_health/,PsychologyUndergrad,0,2019-02-19 09:21:45,0,/r/askgaybros/comments/asctb6/psychology_undergraduate_lgbt_sexual_health/,NaN,"Hey, stop scrolling and take a moment to contribute to science and help me pass my degree please!! I am looking for gay/bisexual men and transgender women who have sex with men (TWSM - Scientific term in research) aged between 18-25, to complete my research 🧠. It only takes half an hour 🕑 I would really appreciate participation, it's completely anonymous and a detailed information sheet is provided, you don't need to know anything about PrEP prior to taking part.

I really need participants ASAP so I can complete my dissertation, I would appreciate it so much!! ❤️🧡💛💚💙💜

Please share!!

If you wish to take part, follow the link below, please do not like/comment on this post as full anonymity is required as part of my ethics.

[https://uwe.eu.qualtrics.com/jfe/form/SV\_9Ah5qUSrSD8CggR](https://uwe.eu.qualtrics.com/jfe/form/SV_9Ah5qUSrSD8CggR)"
auztip,Psychology Undergraduate LGBT Sexual Health Research on Pre-Exposure Prophylaxis (PrEP)!,https://www.reddit.com/r/askgaybros/comments/auztip/psychology_undergraduate_lgbt_sexual_health/,PsychologyUndergrad,1,2019-02-26 06:06:33,1,/r/askgaybros/comments/auztip/psychology_undergraduate_lgbt_sexual_health/,NaN," 

Hey, stop scrolling and take a moment to contribute to science and help me pass my degree please!! I am looking for gay/bisexual men and transgender women who have sex with men (TWSM - Scientific term in research) in the UK, aged between 18-25, to complete my research. It only takes half an hour 🕑 I would really appreciate participation, it's completely anonymous and a detailed information sheet is provided, you don't need to know anything about PrEP prior to taking part.

I really need participants ASAP so I can complete my dissertation, I would appreciate it so much!! ❤️💛💚💙💜

Please share!!

If you wish to take part, follow the link below, please up this post but do not comment as full anonymity is required as part of my ethics.

[https://uwe.eu.qualtrics.com/jfe/form/SV\_9Ah5qUSrSD8CggR](https://uwe.eu.qualtrics.com/jfe/form/SV_9Ah5qUSrSD8CggR)"
ccdfde,Hey umm sexual health how,https://www.reddit.com/r/askgaybros/comments/ccdfde/hey_umm_sexual_health_how/,Yurionicefan66,0,2019-07-12 09:55:06,2,/r/askgaybros/comments/ccdfde/hey_umm_sexual_health_how/,NaN,So my boyfriend wants to take it to the next level and im okay with that but how do I keep my self safe because they never talk about it at school btw im 19
d6y12q,Sexual health question,https://www.reddit.com/r/askgaybros/comments/d6y12q/sexual_health_question/,thatoneguy5432112345,0,2019-09-20 10:15:55,5,/r/askgaybros/comments/d6y12q/sexual_health_question/,NaN,"Hey bros, I recently had an encounter where I performed oral sex, and I would like to ask someone some sexual health questions, if anyone is available. Dm me!"
dhppx6,Not convinced by the sexual health consultant,https://www.reddit.com/r/askgaybros/comments/dhppx6/not_convinced_by_the_sexual_health_consultant/,throwaway021347,0,2019-10-14 05:15:13,13,/r/askgaybros/comments/dhppx6/not_convinced_by_the_sexual_health_consultant/,NaN,"So I’ve suspected that I have HPV (in the form of internal anal warts) for about 6 months now. My suspicion comes from research and self examination in the shower.

I finally mustered up the courage to go to the sexual health clinic in my town and after a brief examination the consultant said that he can’t see anything wrong.

While I respect that he’s a trained doctor, I can’t help but feel like he’s missing something. When I feel inside my rectum I can definitely feel a collection of wart-like clusters.

I haven’t had anal sex because of my suspicion for a while and I worried to do so until I’m convinced I’m clear of whatever is there.

What can I do?

(He suggested going to a GP if I still have concerns but everywhere I’ve read has said that GP’s usually end up referring to a sexual health clinic anyway)"
djndpn,Oral sex and sexual health,https://www.reddit.com/r/askgaybros/comments/djndpn/oral_sex_and_sexual_health/,fbridgestone,5,2019-10-18 06:17:35,6,/r/askgaybros/comments/djndpn/oral_sex_and_sexual_health/,Advice,"Hi everyone, 

I need advice about sexual health. Two weeks ago a guy (casual date) gave me oral sex. I haven't had sex since. I always take care of my sexual health and I am aware that oral sex is a low risk activity in terms of STDs. But I feel scared. After a couple of days I developed phlems, cough and a sore throat. I know it could be just a seasonal flu, but I do wonder, am I at risk? Is this just a cruel coincidence or my date gave me an STD? I went to the doctor and he told me is pharyngitis, and now I am talking antibiotics and hope to get well. Overall, I am moderately sexualy active one or two times a month. Am I just paranoid? Could this date have transmitted HIV? Any advice is welcome :)

Peace!"
dwuhy0,Worried about sexual health,https://www.reddit.com/r/askgaybros/comments/dwuhy0/worried_about_sexual_health/,wtfhelppls,1,2019-11-15 10:07:23,3,/r/askgaybros/comments/dwuhy0/worried_about_sexual_health/,NaN,"Hello, I got a BJ not long ago from a nice guy, but he has just informed he found out he has HPV on his ass. Will I catch it from a blowie? I’m not too educated on sexual health so it may seem dumb I’m asking this. There are next to no clinics in the country that deal w/ stds other than HIV. Thanks"
dxfkm5,Sexual Health after Stroke (My Partner),https://www.reddit.com/r/askgaybros/comments/dxfkm5/sexual_health_after_stroke_my_partner/,SpookyIsDead,1,2019-11-16 16:48:50,23,/r/askgaybros/comments/dxfkm5/sexual_health_after_stroke_my_partner/,Advice,"I went back and forth in my head for a long time to post this here or not but I thought some first hand experience couldn't hurt for research. 

Anyway, about the end of September my partner of 9 years now had a stroke. He is 29 years old. It was a hemorrhagic stroke. This means he had an artery bleed in his brain. Long story short he went through surgery which was a success but now has a stent to help the blood flow through his brain. I'm sure many will ask how he's doing. Honestly he's already okay'd to drive again and the only defect is his hand feels like pins and needles on the left (it was a right side stroke). For those that don't know, that's an insane recovery and I feel blessed every second he wasn't taken from me.

 So I have some anxiety about us being intimate. Before the stroke we were very open to being rough with each other and now I'm afraid to even do missionary. We had sex for the first time in a while last night and I was so worried that it would cause another blood leak. I did read a little and saw that it's possible that rise in blood pressure could cause another bleed and sexual intercourse rises your blood pressure. Can anyone that has been in this situation give me an in depth response about that? I thought maybe we could do it with him lying on his side to avoid his head from moving so much but there's still the question of if we should be having sex at all. From what I understand an orgasm could cause the same and we regularly do things that aren't actual intercourse. It seems to be fine and he's also quit smoking cigs and weed (well he's trying really hard with that but has cut back insanely he does slip up). And we are dieting and eating a lot of post-stroke healthy foods.

Does anyone know if there is an actual risk here? I'll take any information I can get. Of course we'll talk to his doctor and perhaps some other sources if we can but our doctor is a straight female. Not that she wouldn't know about homosexual sex health but I'm curious of what some fellow gay men have to say. 

Also to make it a little easier, if he falls at all, even catches himself or just sits down we have to go to the ER for a scan immediately. I'm starting to think actual sex isn't worth it."
ewizf6,Spirituality/Sexuality Survey. A study looking at whether spirituality and religion affect mental health in sexual minorities.,https://www.reddit.com/r/askgaybros/comments/ewizf6/spiritualitysexuality_survey_a_study_looking_at/,rekotsa,1,2020-01-30 20:42:24,1,/r/askgaybros/comments/ewizf6/spiritualitysexuality_survey_a_study_looking_at/,NaN,"Hey all! I shared this about a week ago but wanted to re-share to give everybody who would like to the chance to participate.

I am a gay PhD student conducting a research study investigating spirituality and mental health in LGBT people. I am conducting a research study looking at the effects of spiritual and religious beliefs on the mental health and rates of substance abuse of people who identify as lesbian, gay, bisexual, or pansexual.

Talking about religion and sexuality can be a touchy topic for many people. Many same-sex attracted people struggle to navigate often conflicting spiritual and sexual identities. Navigating conflicting identities can often lead to increases in such problems as depression and substance abuse.

There is limited research, however, studying the differences potential differences between affirming and non-affirming religious or spiritual beliefs and how these differences may affect the mental health of people who are attracted to the same gender.

**If you are an adult who identifies as lesbian, gay, bisexual, or pansexual and are currently living in the United States, you are invited to participate in this study investigating queer spirituality and its effect on mental health. Participation is completely anonymous, will take less than 30 minutes to complete, and you can choose to be entered into a drawing for one of three $20 Amazon gift cards.**

\*Please share with anybody who qualifies and may be interested in this study- and any subreddits that you feel would be appropriate\*

Link to study questionnaires: [https://alliant.qualtrics.com/jfe/form/SV\_9ER7JUU5xYM3i9T](https://alliant.qualtrics.com/jfe/form/SV_9ER7JUU5xYM3i9T) or [www.bit.ly/stokerstudy](https://www.bit.ly/stokerstudy)

This study has been approved by the Alliant International University Institutional Review Board. Please direct any questions to [astoker@alliant.edu](mailto:astoker@alliant.edu)"
f72gez,Adolescent and Adult Sexual Health,https://www.reddit.com/r/askgaybros/comments/f72gez/adolescent_and_adult_sexual_health/,Tretula4114,1,2020-02-20 16:09:10,5,/r/askgaybros/comments/f72gez/adolescent_and_adult_sexual_health/,NaN,Hey guys! I’m a college peer health educator with an emphasis on sexual health. I’m interested in establishing a program at my school that would have a primary focus toward educating members of the LGBTQ+ community on various aspects of sexual health. I’m wondering if any of guys had something about sexual health that you wished was taught to you at a younger age or if you guys could provide with any resources that would help me understand and address the needs of our diverse population? Thank you!
fwqe3o,Are you a man? Participate in sex research with UBC Sexual Health Research!,https://www.reddit.com/r/askgaybros/comments/fwqe3o/are_you_a_man_participate_in_sex_research_with/,ubcshl,1,2020-04-07 12:01:59,0,/r/askgaybros/comments/fwqe3o/are_you_a_man_participate_in_sex_research_with/,NaN,"Hi all,

I'm a research assistant with UBC Sexual Health Research, a research lab out of the University of British Columbia in Canada, and we're conducting a study called BRACE.

BRACE is investigating different aspects of sexuality among individuals who self-identify as asexual, bisexual, gay/lesbian, or heterosexual, although we are currently only recruiting men (cis and trans)! The reason why we're only recruiting men at this stage is because we have fulfilled our recruitment goals for women/non-binary folks.

This world-wide study involves completion of an online self-report questionnaire package at any time convenient for you. Participation in this study will require no more than 40-minutes of your time and you will be compensated for your time.

If you're interested in participating, you can contact the study coordinator at smilani@psych.ubc.ca and if you have any questions you can comment or dm me!

Thanks for your time everyone!

Link to study flyer: https://imgur.com/a/i5FcpGd

Link to Research Ethics Board Approval: https://imgur.com/a/Gtnx5pV"
gb1wvq,[Sexual Health] how can i enjoy anal?,https://www.reddit.com/r/askgaybros/comments/gb1wvq/sexual_health_how_can_i_enjoy_anal/,iwishiwasurgirl,1,2020-04-30 12:01:17,7,/r/askgaybros/comments/gb1wvq/sexual_health_how_can_i_enjoy_anal/,Advice,"hey guys, i’m a 22-year-old bottom with anal issues lol.

when my boyfriend is in me, i’m counting inside him to finish. it keeps hurting. and the beginning is also too hard cuz i am so fucking tight.

we’re using lubriciouses, i don’t have any health issues, i mean what’s the problem then? anatomically i have to enjoy it since i have a prostate. can u pls give me some advices?? [Sexual Health]"
gos9yp,"If there was a way to change your sexual orientation without it having a negative effect on your physical or mental health, would you do it?",https://www.reddit.com/r/askgaybros/comments/gos9yp/if_there_was_a_way_to_change_your_sexual/,_yuyutsu,2,2020-05-22 14:30:49,26,/r/askgaybros/comments/gos9yp/if_there_was_a_way_to_change_your_sexual/,NaN,
hfse7n,Free Sexual Health Screening,https://www.reddit.com/r/askgaybros/comments/hfse7n/free_sexual_health_screening/,trashit273,1,2020-06-25 12:27:00,2,/r/askgaybros/comments/hfse7n/free_sexual_health_screening/,Advice,"Hello everyone, I really hope this isnt a stupid question, but I'm trying to be sure of my sexual health, so as not to unknowingly spread any std, sti, or virus of any kind.

I'm 22, and I want to get checked for any std, sti, or virus. I have looked into places but some of these places are like $200 for a full test. And theres also the free tests at some clinics that I have read about online.

MY QUESTION: Does the free clinics require insurance information? I am still on my parents insurance, and dont really want them knowing about my sexual information, bc then theyll pry and possibly find out I'm gay."
hn1bd5,"Hey bros, I slept with a guy last night that I really liked and he told me he was undetectable but I'm worried so I am going to a sexual health clinic tomorrow, I'll ask for pep or prep. I have some questions please if you can help?",https://www.reddit.com/r/askgaybros/comments/hn1bd5/hey_bros_i_slept_with_a_guy_last_night_that_i/,Lehemee,1,2020-07-07 12:30:36,4,/r/askgaybros/comments/hn1bd5/hey_bros_i_slept_with_a_guy_last_night_that_i/,NaN,"He said it has been some months since he checked but that he was undetectable and he also gave me some blue truvada tablets for the next 5 days or so but I am still a little worried until I visit the clinic tomorrow. 

Can you take pep and prep at the same time? Are they the same drug? 

I took one of the truvada yesterday before we went to bed, should I take another today or wait until I visit the clinic tomorrow?

If I wanted to continue seeing this person and was on prep, would it only be a matter of time before I likely contract hiv or not?

Theoretically with todays drugs would I have to continue taking it for the rest of my life if we were to continue the relationship and I wanted to remove the risk of infection?

I'd really like to see this guy again so would it ever be possible for us to have unprotected sex safely if he was undetectable and I was on prep?

I have done a lot of reading today but thought I'd get more specific answers here as you guys are amazing!"
ktrrfp,Sexual Health question from a Gayby,https://www.reddit.com/r/askgaybros/comments/ktrrfp/sexual_health_question_from_a_gayby/,jmanne22,1,2021-01-09 06:23:32,5,/r/askgaybros/comments/ktrrfp/sexual_health_question_from_a_gayby/,Advice,"So, I’ve done something really stupid, very irresponsible, and I’m panicking. 

On Friday night, I had unprotected penetrative sex with a total stranger. We were just going to meet for a wank but things escalated. I’d never done anything like that before. 

What do I do now? The sexual health clinics are closed until Monday. I assume I should go get tested for STIs ASAP. I’m not out and I’m terrified and I don’t know who to talk to. It was really dumb of me. I live in the UK."
l2ezpm,Sexual health question,https://www.reddit.com/r/askgaybros/comments/l2ezpm/sexual_health_question/,philly2021,1,2021-01-21 19:28:09,7,/r/askgaybros/comments/l2ezpm/sexual_health_question/,NaN,"So I hooked up with a friend with benefits last week who fucked my throat pretty hard - rougher than normal. Afterwards, it was a little sore but nothing too out of the ordinary. Three days later, I start getting a horrible sore throat, like the onset of a cold, and decide to get checked out for Covid. I test negative, and ask him about it, and he said he also had a sore throat last week, and also tested negative for covid.

Usually, when i've had colds, it progresses to congestion etc. This has stayed at a severe fever / horrible throat pain (without ibuprofen) for five days now. I got lots of STI tests done, and am awaiting some results, but got back that my monocytes are high. I'm wondering, 1) what kinds of infections do you think this could be, and 2) should i never deep throat again. I know I am a slut but it's the one type of sex that I really enjoy and I'll be sad if I have to tell my partner to ""go hard, but not too hard."" Anyone have any wisdom to offer? Thanks in advance for not dragging me too much - it's been a rough week and I know I acted irresponsibly in some ways."
l3hjvp,I am very inexperienced and unknowledgeable regarding sexual health....and would like some advice/guidance.,https://www.reddit.com/r/askgaybros/comments/l3hjvp/i_am_very_inexperienced_and_unknowledgeable/,Its_Ashley384,1,2021-01-23 10:32:56,1,/r/askgaybros/comments/l3hjvp/i_am_very_inexperienced_and_unknowledgeable/,NaN,"Firstly, forgive me as like I said I feel like I have no knowledge regarding this subject and also have no one I know personally to give me advice.

So, I am a newbie gay and maybe I'm not the most sexually active at the moment, I would like to be.

I was just looking for advice and guidance on how often I should get tested for STIs/HIV? I guessing you need to be tested if actually being sexually active?

I'm a little nervous about it...what do the tests consist of? and would you recommend I get on pREP as earliest as possible even if not active ?

thank you"
lkapx5,Should I go to the sexual health clinic?,https://www.reddit.com/r/askgaybros/comments/lkapx5/should_i_go_to_the_sexual_health_clinic/,fromseaandstars,1,2021-02-15 02:09:39,12,/r/askgaybros/comments/lkapx5/should_i_go_to_the_sexual_health_clinic/,Advice,"Hi bros,
I had someone over for a hookup. We’ve been at it several times. We always use a condom. He says that he is hooking up with others during our talks. Now, the last time we had anal sex it started with a condom but since he got soft, he removed it and then continued bareback. He came on my belly and not inside. Do you think I should go to the clinic to get PEP and to get treatment? I’m just wondering if he could carry any STI since he has been with others. 

I already went through PEP at the start of the year and had protected sex until this happened. Thoughts?"
m3s00t,Sexual Health Survey with Columbia University,https://www.reddit.com/r/askgaybros/comments/m3s00t/sexual_health_survey_with_columbia_university/,dsmilch,1,2021-03-12 13:46:27,3,/r/askgaybros/comments/m3s00t/sexual_health_survey_with_columbia_university/,NaN,"Hi everyone, 

We posted about this a couple weeks ago--but just in case people were still interested, we’re doing a survey about sexual health for gay and bisexual guys, as well as TGNC folks who have sex with men.  

Those eligible can enter a raffle for 1 of 5 gift cards of $200 on Amazon. Some respondents will also be invited to do a telephone interview and receive $75.  

The link below redirects to Qualtrics. The first page includes more info about the study (including that all data will be kept confidential). The first few questions (approximately 3 minutes) will determine eligibility. For eligible participants, the survey should take approximately 15 minutes to complete.  

Follow this link to take the survey: [https://cumc.co1.qualtrics.com/jfe/form/SV\_0cB0Ipa2A1i4R13?Source=Reddit&amp;Advert=AGB](https://cumc.co1.qualtrics.com/jfe/form/SV_0cB0Ipa2A1i4R13?Source=Reddit&amp;Advert=AGB)

Thanks!"
mnd6jf,"Sexual Health, Doctors, and Family Question",https://www.reddit.com/r/askgaybros/comments/mnd6jf/sexual_health_doctors_and_family_question/,cmad02,1,2021-04-09 02:02:34,4,/r/askgaybros/comments/mnd6jf/sexual_health_doctors_and_family_question/,NaN,"I’m getting nervous of I accidentally picked up something from my last hookup (which was only oral). I want to head to my doctor but they are very familiar and somewhat close with my family. I’m wondering, do I have any special privacy in regards to any tests or visits that I have to the doctor? does my family have to rights to access? Does my doctor have the rights to tell my parents of my visits and current situations? (I am 18 btw)"
ng8siv,The Sexual Health Checklist for the gay man.,https://www.reddit.com/r/askgaybros/comments/ng8siv/the_sexual_health_checklist_for_the_gay_man/,medubble,1,2021-05-19 08:25:44,8,/r/askgaybros/comments/ng8siv/the_sexual_health_checklist_for_the_gay_man/,NaN,"1. if you do not have everything on the checklist, I suggest Always using a condom. Even if you are in a trusty “monogamous relationship”.
2. Find out where you have access to an Infectious disease Doctor near you.
3. first you need to get tested for STIs And find out which ones are negative. The bare minimum should be HIV, VDLR (Syphillis), Hepatitis B, Hepatitis C. Every Six months. Every Three months if you have &gt; 1 partner. If you had bareback sex, an HPV exam from your asshole or penis (depending if you are top/bottom/vers)  would be suggested.
4. Get Vaccinated. Get your shots of Gardasil-9 (HPV Vaccine), Hepatitis B, Hepatitis A vaccine. If you have the resources also get the typhoid vaccine and meningococcal vaccine. All These protect you from the most common STIs: Diseases with skin contact: penis/anal warts, penis/anal cancer, Rimming diseases: Hepatitis A, Typhoid, oral HPV
5. Get your labs done to see if you can use PrEP. Blood Count (CBC), Metabolic Panel (Comprehensive Metabolic panel), Urinalysis, Lipid panel + your STI tests (specially important to find out that you don’t have Hepatitis B to access PreP)
6. PrEP can be used in two ways, Continuous or on demand, Both reduce the chance of getting HIV &gt; 98%. If you got 2 or more sexual encounters per week, you could take it daily. If you have sex Once a week or less(1-2 times a month or less) taking it on demand would be adequate.
7. You can take Antibiotics before having sex to reduce the chance Of catching Chlamydia And Syphilis. Taking Doxycycline 100 mg daily Reduces 70% chance of contracting Syphillis and Chlamydia (you could still get it though). You could also take a single dose of 200 mg of doxycycline 24-72 hours after bareback sex, however it is not as effective. [These studies](https://academic.oup.com/cid/article/70/6/1247/5557867) are  Recent, and have low level of evidence, but they look promising for preventing these STIs. If you catch them by any chance getting tested will help you with early detection and treatment (‘cause those are curable)  

8. The most common STIs that don’t have any kind of protection with vaccines or PrEP are crabs, Herpes (skin to skin contact) , and Hepatitis C (preseminal fluid, semen and cumming inside In anal sex). Hepatitis C is common Among drug users, so if there is a Slam (drugs and sex) going on, I would suggest you to use a condom or do something else (a handjob lol)
9. after this you can somewhat enjoy bareback sex, if you have any doubt, bring a condom.
10. The only one responsible for your sexual health is YOU. Protect yourself and contact your infectous diseases doctor. TRUST NO ONE. The only way to reduce the chances is taking your vaccinations, your prep, your condoms. Be informed and prepared.
11. enjoy your sex life."
noll70,How to talk to long term partner about sexual health,https://www.reddit.com/r/askgaybros/comments/noll70/how_to_talk_to_long_term_partner_about_sexual/,s1jile,1,2021-05-30 14:54:37,3,/r/askgaybros/comments/noll70/how_to_talk_to_long_term_partner_about_sexual/,Advice,"I'll try to keep this short...

I should preface this by saying that I have extremely bad anxiety (social, health, and performance anxiety), depression, and body image (in recovery from bulimia).

My long-term partner and I are 'college sweethearts' and also terrible communicators. I mention this because we have has very few conversations about our sexual health histories other than knowing that we were both pretty inexperienced when we got together. The way we got together was this kind of gay love narrative — lots of romantic tension, on and off 'friendship' with each other, and a small handful of hook ups over the course of our undergrad. When we finally started dating, it was like we were devoted to each other for eternity. I don't even think the thoughts on having these serious conversations. This is the first serious relationship for both of us. For 85%, we have been aware of what the other person is doing since we lived together straight out of graduation and then spent soo much time on Facetime when I moved.

Fast forward some 3 and a half years, the pandemic, long distance (I'm in Canada and he's in the US), and other personal things have come in between us. As of now, we are committed but also dealing with the idea that things may not work out. We had a very short period, maybe a month or so, of being in an open relationship, but it didn't really work out for us. Now that I am working on my mental health and with the normalization of getting tested for covid, I've been thinking about getting an std/hiv test. I understand that our commitment to each other, lack of symptoms, or the fact that I'm a huge prude and have had few sexual encounters besides him cannot mean anything unless medically examined. I have never had unprotected sex other than with him and have never had anyone else's c\*m near my mouth (working on that sex anxiety part lol). 

In the case we have the conversation of going break, I am happy with him seeing other people while I focus on my mental health. Before that happens, I feel like the responsible thing to do is get tested. I fear the conversation because there is a high chance that he will get ahead of himself and attach this conversation to our relationship as a whole, which would make sense, but knowing him, he would assume that we are breaking up or something. I'd also feel weird planning or going to a test without his knowledge or him being on the same page. I guess I'm wondering if anyone has experienced this kind of conversation with a long term partner? I feel like a lot of sexual health questions I see here are about a new bf or a recent hook up, but not much comes up from existing relationships. I may honestly send an email so it gives him time to manage his thoughts before he responds. Any advice?"
p95y2l,JUST GET ON PREP IF YOU'RE AFRAID OF HIV! SWEET MERCIFUL ZUES I'M TIRED OF THE COMPLETE LACK OF SEXUAL HEALTH EDUCATION.,https://www.reddit.com/r/askgaybros/comments/p95y2l/just_get_on_prep_if_youre_afraid_of_hiv_sweet/,kjam415,1,2021-08-21 21:22:27,53,/r/askgaybros/comments/p95y2l/just_get_on_prep_if_youre_afraid_of_hiv_sweet/,Not a question,Honestly education is your first priority. Get to know what your risks truly are in conjunction with your behavior. And manage that risk as best you can. OR BE CELIBATE AND SHUT UP.
